drug,out_degree,weighted_out_degree,reachable_adr_count,reachable_endpoint_count,reachable_severe_endpoint_count,pagerank,betweenness,katz,harmonic_closeness,reachable_adrs_sample,reachable_endpoints_sample,exposure_rate,mean_adr_burden_if_exposed,any_severe_endpoint_rate_if_exposed
ssri,8,7.2,9,8,4,0.0021308182476835035,0.0029029677907015396,0.07676931643382619,66.08333333333339,"confusion_state, cumulative_adr_burden, digoxin_toxicity, hyponatremia_state, mood_lowering, overt_bleeding","Delirium, Depression, Falls, GI_bleeding, Hospitalization, Hyponatremia",0.25765,0.14300532283551884,0.35882010479332427
macrolide,4,4.0,9,5,4,0.001960125502588521,0.0,0.06925147942837688,55.48333333333339,"alt_ast_rise, bilirubin_rise, cumulative_adr_burden, fatigue_symptom, jaundice, muscle_injury","DILI, Depression, Hospitalization, QT_arrhythmia, Rhabdomyolysis",0.1259,0.1500998524906388,0.3526608419380461
azole_antifungal,4,4.0,9,5,4,0.001960125502588521,0.0,0.06925147942837688,55.48333333333339,"alt_ast_rise, bilirubin_rise, cumulative_adr_burden, fatigue_symptom, jaundice, muscle_injury","DILI, Depression, Hospitalization, QT_arrhythmia, Rhabdomyolysis",0.0782,0.14963920350748994,0.35294117647058826
nsaid,11,9.95,8,4,3,0.0021308182476835035,0.0029785535805730446,0.07676931643382619,68.33333333333334,"creatinine_rise, cumulative_adr_burden, dizziness, gi_irritation, hypotension, occult_bleeding","AKI, Falls, GI_bleeding, Hospitalization",0.2642,0.14930423380555857,0.3995079485238456
snri,6,5.6,6,6,3,0.0021308182476835035,0.0020466656738952218,0.07676931643382619,64.33333333333341,"confusion_state, cumulative_adr_burden, mood_lowering, qt_prolongation_state, serotonin_toxicity, severe_adr_burden","Delirium, Depression, Falls, Hospitalization, QT_arrhythmia, Serotonin_syndrome",0.1073,0.15018406337371856,0.36020503261882575
acei_arb,6,5.5,8,5,3,0.0028007311254186276,0.002566014827698157,0.0805881459847294,65.25000000000006,"creatinine_rise, cumulative_adr_burden, digoxin_toxicity, dizziness, hyperkalemia_state, hypotension","AKI, Falls, Hospitalization, Hyperkalemia, QT_arrhythmia",0.5385,0.1414395808462661,0.3543175487465181
statin,3,3.0,8,4,3,0.0029588800044738016,0.0011337868480725624,0.0730603107969376,56.283333333333395,"alt_ast_rise, bilirubin_rise, cumulative_adr_burden, fatigue_symptom, jaundice, muscle_injury","DILI, Depression, Hospitalization, Rhabdomyolysis",0.309,0.14028999075358298,0.34110032362459547
anticoagulant,6,6.0,3,2,2,0.003028385152990859,0.0021688357540484947,0.08040501910381598,64.00000000000009,"cumulative_adr_burden, overt_bleeding, severe_adr_burden","GI_bleeding, Hospitalization",0.2701,0.14253966784788702,0.35542391706775267
valproate_like_drug,6,5.1,11,5,2,0.003797167844471764,0.0035777831713992743,0.08023189040524505,65.00000000000007,"alt_ast_rise, bilirubin_rise, confusion_state, cumulative_adr_burden, dizziness, fatigue_symptom","DILI, Delirium, Depression, Falls, Hospitalization",0.0793,0.13988155287335616,0.3751576292559899
antiplatelet,5,4.9,3,2,2,0.0021308182476835035,0.0011310469011335921,0.07676931643382619,62.58333333333343,"cumulative_adr_burden, overt_bleeding, severe_adr_burden","GI_bleeding, Hospitalization",0.3018,0.1390873804790306,0.3550364479787939
opioid,5,4.8,7,5,2,0.0021308182476835035,0.001707944326770513,0.07676931643382619,63.166666666666764,"confusion_state, cumulative_adr_burden, dizziness, mood_lowering, sedation_state, serotonin_toxicity","Delirium, Depression, Falls, Hospitalization, Serotonin_syndrome",0.17195,0.14429152992979685,0.3547542890375109
hepatotoxic_drug_A,5,4.1,7,3,2,0.0021308182476835035,0.0016837932521992704,0.07676931643382619,63.91666666666676,"alt_ast_rise, bilirubin_rise, cumulative_adr_burden, fatigue_symptom, jaundice, nausea","DILI, Depression, Hospitalization",0.1058,0.14064069673237914,0.3591682419659735
qt_prolonging_drug,4,4.0,3,2,2,0.0021308182476835035,0.0012674651047786861,0.07676931643382619,62.58333333333342,"cumulative_adr_burden, qt_prolongation_state, severe_adr_burden","Hospitalization, QT_arrhythmia",0.13395,0.14751639737641978,0.3613288540500187
antibiotic_hepatic_risk,4,3.7,7,3,2,0.0021308182476835035,0.0018788207581511465,0.07676931643382619,62.500000000000085,"alt_ast_rise, bilirubin_rise, cumulative_adr_burden, fatigue_symptom, jaundice, nausea","DILI, Depression, Hospitalization",0.2063,0.1397283775361817,0.3730004847309743
aminoglycoside,3,3.0,3,2,2,0.0021308182476835035,0.000447086448265576,0.07676931643382619,61.33333333333342,"creatinine_rise, cumulative_adr_burden, severe_adr_burden","AKI, Hospitalization",0.06685,0.14216262421198847,0.36649214659685864
digoxin,3,3.0,4,2,2,0.002857692407895876,0.0006073136325237165,0.07288718209836666,55.566666666666734,"cumulative_adr_burden, digoxin_toxicity, qt_prolongation_state, severe_adr_burden","Hospitalization, QT_arrhythmia",0.09255,0.1378737362043683,0.3419773095623987
lithium,3,3.0,5,4,2,0.0025951416834424637,0.0005984211866564807,0.0730603107969376,57.083333333333385,"confusion_state, creatinine_rise, cumulative_adr_burden, lithium_toxicity, severe_adr_burden","AKI, Delirium, Falls, Hospitalization",0.0531,0.14297551789077215,0.3342749529190207
contrast_agent,3,2.9,3,2,2,0.0021308182476835035,0.000447086448265576,0.07676931643382619,61.33333333333342,"creatinine_rise, cumulative_adr_burden, severe_adr_burden","AKI, Hospitalization",0.1855,0.14607046592221795,0.38140161725067384
diuretic,3,2.9,4,2,2,0.0029416124764365067,0.0014862900084775398,0.08439697735329012,64.50000000000009,"creatinine_rise, cumulative_adr_burden, dehydration, severe_adr_burden","AKI, Hospitalization",0.4444,0.14190995885302818,0.3578982898289829
corticosteroid,3,2.6,4,3,2,0.0021308182476835035,0.0011104325948050001,0.07676931643382619,61.2500000000001,"cumulative_adr_burden, overt_bleeding, severe_adr_burden, sleep_disturbance_symptom","Depression, GI_bleeding, Hospitalization",0.17035,0.14097823808126128,0.3513354857646023
metformin,3,2.25,3,2,2,0.003488447535983042,0.0007735417399282945,0.07691328998363393,57.83333333333339,"cumulative_adr_burden, lactate_accumulation, severe_adr_burden","Hospitalization, Lactic_acidosis",0.2929,0.13993415597717407,0.35728917719358144
triptan,2,2.0,4,3,2,0.001960125502588521,0.0,0.06925147942837688,53.100000000000065,"cumulative_adr_burden, mood_lowering, serotonin_toxicity, severe_adr_burden","Depression, Hospitalization, Serotonin_syndrome",0.0879,0.14083617747440275,0.35665529010238906
beta_blocker,3,1.9,6,4,2,0.0021308182476835035,0.0016822980639534934,0.07676931643382619,61.666666666666764,"creatinine_rise, cumulative_adr_burden, dizziness, fatigue_symptom, hypotension, severe_adr_burden","AKI, Depression, Falls, Hospitalization",0.33045,0.141695955731362,0.35557573006506277
thiazide,2,1.9,6,5,2,0.0021308182476835035,0.0007868688258630796,0.07676931643382619,60.583333333333435,"confusion_state, cumulative_adr_burden, digoxin_toxicity, hyponatremia_state, qt_prolongation_state, severe_adr_burden","Delirium, Falls, Hospitalization, Hyponatremia, QT_arrhythmia",0.19395,0.1403541045188377,0.3601443671049239
ppi,2,1.8,2,2,2,0.0021308182476835035,0.0005671849927338684,0.07676931643382619,60.2500000000001,"cumulative_adr_burden, severe_adr_burden","GI_bleeding, Hospitalization",0.38445,0.1391529643460974,0.3469892053583041
benzodiazepine,4,4.0,5,3,1,0.0021308182476835035,0.0010854731160640084,0.07676931643382619,62.08333333333343,"confusion_state, cumulative_adr_burden, dizziness, sedation_state, severe_adr_burden","Delirium, Falls, Hospitalization",0.19745,0.14735068552617298,0.36768802228412256
anticholinergic,3,2.9,5,3,1,0.0021308182476835035,0.000756856821061159,0.07676931643382619,61.416666666666764,"confusion_state, cumulative_adr_burden, dizziness, sedation_state, severe_adr_burden","Delirium, Falls, Hospitalization",0.1526,0.14124906384572178,0.3473132372214941
herbal_exposure,1,1.0,2,1,1,0.0021308182476835035,1.5449146880375498e-05,0.07676931643382619,59.58333333333343,"cumulative_adr_burden, severe_adr_burden",Hospitalization,0.1517,0.13891515208588381,0.34212261041529335
potassium_supplement,1,1.0,2,1,1,0.003987811479638802,0.00021606438718738184,0.07292585932555129,53.40000000000007,"cumulative_adr_burden, severe_adr_burden",Hospitalization,0.1297,0.1367857142857143,0.3369313801079414
