hospital_id,variable,variable_type,n_patients,missing_rate,prevalence,n_complete,mean,std,median,q05,q25,q75,q95
1,age,continuous,3564,0.0,,3564,66.2496632996633,11.79154152883546,66.2,46.9,58.2,74.5,85.5
1,alcohol_use,binary,3564,0.0,0.12261503928170595,3564,0.12261503928170595,0.3279948039583122,0.0,0.0,0.0,0.0,1.0
1,baseline_alt_ast,continuous,3564,0.0,,3564,24.848400673400672,10.063078843154619,24.15,8.815000000000001,18.0,31.125,42.0
1,baseline_egfr,continuous,3564,0.0,,3564,75.35019640852974,19.85193911166892,75.5,42.415,61.775,88.9,107.2
1,baseline_mood_vulnerability,binary,3564,0.0,0.11419753086419752,3564,0.11419753086419752,0.31805102547974623,0.0,0.0,0.0,0.0,1.0
1,baseline_potassium,continuous,3564,0.0,,3564,4.253731762065096,0.3557644460418859,4.25,3.68,4.01,4.49,4.85
1,baseline_qt_risk,binary,3564,0.0,0.07856341189674523,3564,0.07856341189674523,0.26905613207635243,0.0,0.0,0.0,0.0,1.0
1,baseline_sodium,continuous,3564,0.0,,3564,138.94913019079686,2.514801709577453,138.9,134.7,137.3,140.7,143.1
1,ckd,binary,3564,0.0,0.0931537598204265,3564,0.0931537598204265,0.29064778831387106,0.0,0.0,0.0,0.0,1.0
1,depression_history,binary,3564,0.0,0.10914702581369248,3564,0.10914702581369248,0.31182359206724175,0.0,0.0,0.0,0.0,1.0
1,diabetes,binary,3564,0.0,0.16610549943883277,3564,0.16610549943883277,0.37217531150656497,0.0,0.0,0.0,0.0,1.0
1,frailty,binary,3564,0.0,0.035072951739618406,3564,0.035072951739618406,0.18396423509989326,0.0,0.0,0.0,0.0,0.0
1,heart_failure,binary,3564,0.0,0.08080808080808081,3564,0.08080808080808081,0.2725401527925665,0.0,0.0,0.0,0.0,1.0
1,infection,binary,3564,0.0,0.08810325476992144,3564,0.08810325476992144,0.28344500572221726,0.0,0.0,0.0,0.0,1.0
1,liver_disease,binary,3564,0.0,0.05864197530864197,3564,0.05864197530864197,0.2349533869526945,0.0,0.0,0.0,0.0,1.0
1,monitoring_intensity,continuous,3564,0.0,,3564,0.3940297418630752,0.1978850044476104,0.378,0.09515000000000001,0.23875,0.535,0.739
1,polypharmacy_burden,count,3564,0.0,,3564,4.904040404040404,2.269644373707864,5.0,2.0,3.0,6.0,9.0
1,sex_female,binary,3564,0.0,0.5269360269360269,3564,0.5269360269360269,0.4992739232654772,1.0,0.0,0.0,1.0,1.0
1,acei_arb,binary,3564,0.0,0.5356341189674523,3564,0.5356341189674523,0.4987285930898823,1.0,0.0,0.0,1.0,1.0
1,aminoglycoside,binary,3564,0.0,0.05667789001122334,3564,0.05667789001122334,0.2312260945375738,0.0,0.0,0.0,0.0,1.0
1,antibiotic_hepatic_risk,binary,3564,0.0,0.2112794612794613,3564,0.2112794612794613,0.40821618111108965,0.0,0.0,0.0,0.0,1.0
1,anticholinergic,binary,3564,0.0,0.15151515151515152,3564,0.15151515151515152,0.3585502898848253,0.0,0.0,0.0,0.0,1.0
1,anticoagulant,binary,3564,0.0,0.27048260381593714,3564,0.27048260381593714,0.444209145390871,0.0,0.0,0.0,1.0,1.0
1,antiplatelet,binary,3564,0.0,0.30331088664421996,3564,0.30331088664421996,0.4596883647508572,0.0,0.0,0.0,1.0,1.0
1,benzodiazepine,binary,3564,0.0,0.18574635241301907,3564,0.18574635241301907,0.3889018449149832,0.0,0.0,0.0,0.0,1.0
1,beta_blocker,binary,3564,0.0,0.3319304152637486,3564,0.3319304152637486,0.4709061633559112,0.0,0.0,0.0,1.0,1.0
1,contrast_agent,binary,3564,0.0,0.18378226711560045,3564,0.18378226711560045,0.3873065264224843,0.0,0.0,0.0,0.0,1.0
1,corticosteroid,binary,3564,0.0,0.18490460157126823,3564,0.18490460157126823,0.3882201564692884,0.0,0.0,0.0,0.0,1.0
1,diuretic,binary,3564,0.0,0.45258136924803594,3564,0.45258136924803594,0.4977463947208547,0.0,0.0,0.0,1.0,1.0
1,hepatotoxic_drug_A,binary,3564,0.0,0.11307519640852974,3564,0.11307519640852974,0.31668469550280165,0.0,0.0,0.0,0.0,1.0
1,herbal_exposure,binary,3564,0.0,0.1366442199775533,3564,0.1366442199775533,0.34347136288820257,0.0,0.0,0.0,0.0,1.0
1,nsaid,binary,3564,0.0,0.265993265993266,3564,0.265993265993266,0.4418606663185824,0.0,0.0,0.0,1.0,1.0
1,opioid,binary,3564,0.0,0.17424242424242425,3564,0.17424242424242425,0.37931781112484986,0.0,0.0,0.0,0.0,1.0
1,ppi,binary,3564,0.0,0.3872053872053872,3564,0.3872053872053872,0.4871112555921012,0.0,0.0,0.0,1.0,1.0
1,qt_prolonging_drug,binary,3564,0.0,0.12373737373737374,3564,0.12373737373737374,0.32928169714994976,0.0,0.0,0.0,0.0,1.0
1,snri,binary,3564,0.0,0.10325476992143659,3564,0.10325476992143659,0.3042913446187844,0.0,0.0,0.0,0.0,1.0
1,ssri,binary,3564,0.0,0.2609427609427609,3564,0.2609427609427609,0.43914876346669823,0.0,0.0,0.0,1.0,1.0
1,thiazide,binary,3564,0.0,0.2000561167227834,3564,0.2000561167227834,0.40004208139217484,0.0,0.0,0.0,0.0,1.0
1,valproate_like_drug,binary,3564,0.0,0.08754208754208755,3564,0.08754208754208755,0.28262779490145873,0.0,0.0,0.0,0.0,1.0
1,anticholinergic_burden,binary,3564,0.0,0.10016835016835017,3564,0.10016835016835017,0.30022433577726665,0.0,0.0,0.0,0.0,1.0
1,cardiac_repolarization_delay,binary,3564,0.0,0.16245791245791247,3564,0.16245791245791247,0.36887035546073604,0.0,0.0,0.0,0.0,1.0
1,cholestatic_pattern,binary,3564,0.0,0.11503928170594838,3564,0.11503928170594838,0.31906934257387976,0.0,0.0,0.0,0.0,1.0
1,cns_sedation,binary,3564,0.0,0.14983164983164984,3564,0.14983164983164984,0.3569063274031097,0.0,0.0,0.0,0.0,1.0
1,coagulation_impairment,binary,3564,0.0,0.15432098765432098,3564,0.15432098765432098,0.36125617008393907,0.0,0.0,0.0,0.0,1.0
1,electrolyte_disturbance,binary,3564,0.0,0.09708193041526375,3564,0.09708193041526375,0.29606929797280507,0.0,0.0,0.0,0.0,1.0
1,fatigue_pathway,binary,3564,0.0,0.09792368125701459,3564,0.09792368125701459,0.2972114296356875,0.0,0.0,0.0,0.0,1.0
1,gastric_mucosal_injury,binary,3564,0.0,0.11251402918069585,3564,0.11251402918069585,0.31599782027447815,0.0,0.0,0.0,0.0,1.0
1,gastric_protection,binary,3564,0.0,0.10970819304152638,3564,0.10970819304152638,0.31252568761797733,0.0,0.0,0.0,0.0,1.0
1,hepatic_metabolic_stress,binary,3564,0.0,0.13468013468013468,3564,0.13468013468013468,0.34138159880502555,0.0,0.0,0.0,0.0,1.0
1,hepatocellular_injury,binary,3564,0.0,0.08754208754208755,3564,0.08754208754208755,0.28262779490145873,0.0,0.0,0.0,0.0,1.0
1,monoamine_disruption,binary,3564,0.0,0.09062850729517397,3564,0.09062850729517397,0.28708009502684534,0.0,0.0,0.0,0.0,1.0
1,nephrotoxic_stress,binary,3564,0.0,0.1282267115600449,3564,0.1282267115600449,0.33434207333589044,0.0,0.0,0.0,0.0,1.0
1,oxidative_hepatic_stress,binary,3564,0.0,0.08108866442199776,3564,0.08108866442199776,0.2729712309461464,0.0,0.0,0.0,0.0,1.0
1,platelet_inhibition,binary,3564,0.0,0.10409652076318743,3564,0.10409652076318743,0.3053857153309348,0.0,0.0,0.0,0.0,1.0
1,potassium_retention,binary,3564,0.0,0.14281705948372614,3564,0.14281705948372614,0.34988619150253414,0.0,0.0,0.0,0.0,1.0
1,psychomotor_impairment,binary,3564,0.0,0.10578002244668912,3564,0.10578002244668912,0.30755586370262405,0.0,0.0,0.0,0.0,1.0
1,reduced_renal_perfusion,binary,3564,0.0,0.1717171717171717,3564,0.1717171717171717,0.37713443843625194,0.0,0.0,0.0,0.0,1.0
1,serotonergic_shift,binary,3564,0.0,0.13720538720538722,3564,0.13720538720538722,0.3440640477108978,0.0,0.0,0.0,0.0,1.0
1,sleep_disruption,binary,3564,0.0,0.07716049382716049,3564,0.07716049382716049,0.2668459331140522,0.0,0.0,0.0,0.0,1.0
1,sodium_water_imbalance,binary,3564,0.0,0.10297418630751964,3564,0.10297418630751964,0.3039251606264672,0.0,0.0,0.0,0.0,1.0
1,tubular_injury,binary,3564,0.0,0.10493827160493827,3564,0.10493827160493827,0.30647386635324464,0.0,0.0,0.0,0.0,1.0
1,volume_depletion,binary,3564,0.0,0.122334455667789,3564,0.122334455667789,0.3276716903002985,0.0,0.0,0.0,0.0,1.0
1,alt_ast_rise,binary,3564,0.0,0.057800224466891134,3564,0.057800224466891134,0.2333652898750543,0.0,0.0,0.0,0.0,1.0
1,anhedonia_like_symptom,binary,3564,0.0,0.0409652076318743,3564,0.0409652076318743,0.1982096349715415,0.0,0.0,0.0,0.0,0.0
1,bilirubin_rise,binary,3564,0.0,0.01655443322109989,3564,0.01655443322109989,0.12759460788696378,0.0,0.0,0.0,0.0,0.0
1,cognitive_slowing,binary,3564,0.0,0.06734006734006734,3564,0.06734006734006734,0.2506100210899447,0.0,0.0,0.0,0.0,1.0
1,confusion_state,binary,3564,0.0,0.06818181818181818,3564,0.06818181818181818,0.25205764787294127,0.0,0.0,0.0,0.0,1.0
1,creatinine_rise,binary,3564,0.0,0.14702581369248036,3564,0.14702581369248036,0.3541316475557422,0.0,0.0,0.0,0.0,1.0
1,dehydration,binary,3564,0.0,0.11307519640852974,3564,0.11307519640852974,0.31668469550280165,0.0,0.0,0.0,0.0,1.0
1,dizziness,binary,3564,0.0,0.14281705948372614,3564,0.14281705948372614,0.34988619150253414,0.0,0.0,0.0,0.0,1.0
1,fatigue_symptom,binary,3564,0.0,0.18967452300785634,3564,0.18967452300785634,0.39204349035483105,0.0,0.0,0.0,0.0,1.0
1,gi_irritation,binary,3564,0.0,0.09511784511784512,3564,0.09511784511784512,0.2933776417145362,0.0,0.0,0.0,0.0,1.0
1,hyperkalemia_state,binary,3564,0.0,0.06313131313131314,3564,0.06313131313131314,0.2431989934881089,0.0,0.0,0.0,0.0,1.0
1,hyponatremia_state,binary,3564,0.0,0.06902356902356903,3564,0.06902356902356903,0.25349421283890805,0.0,0.0,0.0,0.0,1.0
1,hypotension,binary,3564,0.0,0.0968013468013468,3564,0.0968013468013468,0.2956870745548277,0.0,0.0,0.0,0.0,1.0
1,jaundice,binary,3564,0.0,0.008417508417508417,3564,0.008417508417508417,0.09136002391390664,0.0,0.0,0.0,0.0,0.0
1,mood_lowering,binary,3564,0.0,0.08221099887766554,3564,0.08221099887766554,0.2746859125277487,0.0,0.0,0.0,0.0,1.0
1,nausea,binary,3564,0.0,0.10325476992143659,3564,0.10325476992143659,0.3042913446187844,0.0,0.0,0.0,0.0,1.0
1,occult_bleeding,binary,3564,0.0,0.030303030303030304,3564,0.030303030303030304,0.17141982574219336,0.0,0.0,0.0,0.0,0.0
1,overt_bleeding,binary,3564,0.0,0.026094276094276093,3564,0.026094276094276093,0.15941569825268712,0.0,0.0,0.0,0.0,0.0
1,qt_prolongation_state,binary,3564,0.0,0.04405162738496072,3564,0.04405162738496072,0.20520984749689108,0.0,0.0,0.0,0.0,0.0
1,sedation_state,binary,3564,0.0,0.12626262626262627,3564,0.12626262626262627,0.3321451120698461,0.0,0.0,0.0,0.0,1.0
1,sleep_disturbance_symptom,binary,3564,0.0,0.12570145903479238,3564,0.12570145903479238,0.331512597394604,0.0,0.0,0.0,0.0,1.0
1,adr_reported,binary,3564,0.0,0.03956228956228956,3564,0.03956228956228956,0.19492848639149463,0.0,0.0,0.0,0.0,0.0
1,creatinine_tested,binary,3564,0.0,0.4775533108866442,3564,0.4775533108866442,0.4994958920229958,0.0,0.0,0.0,1.0,1.0
1,ecg_performed,binary,3564,0.0,0.2570145903479237,3564,0.2570145903479237,0.4369875177807859,0.0,0.0,0.0,1.0,1.0
1,electrolyte_abnormality_recorded,binary,3564,0.0,0.10802469135802469,3564,0.10802469135802469,0.3104115935576959,0.0,0.0,0.0,0.0,1.0
1,electrolytes_tested,binary,3564,0.0,0.4222783389450056,3564,0.4222783389450056,0.49392240625714945,0.0,0.0,0.0,1.0,1.0
1,elevated_alt_ast_recorded,binary,3564,0.0,0.027777777777777776,3564,0.027777777777777776,0.16433554953054486,0.0,0.0,0.0,0.0,0.0
1,elevated_creatinine_recorded,binary,3564,0.0,0.09006734006734007,3564,0.09006734006734007,0.2862782113967708,0.0,0.0,0.0,0.0,1.0
1,fall_reported,binary,3564,0.0,0.05751964085297419,3564,0.05751964085297419,0.23283284083032413,0.0,0.0,0.0,0.0,1.0
1,hospital_contact,binary,3564,0.0,0.2564534231200898,3564,0.2564534231200898,0.4366750106086653,0.0,0.0,0.0,1.0,1.0
1,lft_tested,binary,3564,0.0,0.3271604938271605,3564,0.3271604938271605,0.46917641149777445,0.0,0.0,0.0,1.0,1.0
1,mood_screening_done,binary,3564,0.0,0.16526374859708193,3564,0.16526374859708193,0.3714184190326625,0.0,0.0,0.0,0.0,1.0
1,qt_recorded,binary,3564,0.0,0.016835016835016835,3564,0.016835016835016835,0.12865301801038923,0.0,0.0,0.0,0.0,0.0
1,AKI,binary,3564,0.0,0.12906846240179573,3564,0.12906846240179573,0.3352756991119875,0.0,0.0,0.0,0.0,1.0
1,DILI,binary,3564,0.0,0.01936026936026936,3564,0.01936026936026936,0.13778769658633236,0.0,0.0,0.0,0.0,0.0
1,Delirium,binary,3564,0.0,0.03647586980920314,3564,0.03647586980920314,0.18747101304165717,0.0,0.0,0.0,0.0,0.0
1,Depression,binary,3564,0.0,0.08305274971941638,3564,0.08305274971941638,0.27596193665696067,0.0,0.0,0.0,0.0,1.0
1,Falls,binary,3564,0.0,0.07716049382716049,3564,0.07716049382716049,0.2668459331140522,0.0,0.0,0.0,0.0,1.0
1,GI_bleeding,binary,3564,0.0,0.023849607182940515,3564,0.023849607182940515,0.15258048177981334,0.0,0.0,0.0,0.0,0.0
1,Hospitalization,binary,3564,0.0,0.21352413019079686,3564,0.21352413019079686,0.40979455342532367,0.0,0.0,0.0,0.0,1.0
1,Hyperkalemia,binary,3564,0.0,0.04489337822671156,3564,0.04489337822671156,0.20706994668011333,0.0,0.0,0.0,0.0,0.0
1,Hyponatremia,binary,3564,0.0,0.08080808080808081,3564,0.08080808080808081,0.2725401527925665,0.0,0.0,0.0,0.0,1.0
1,QT_arrhythmia,binary,3564,0.0,0.019079685746352413,3564,0.019079685746352413,0.1368051583025028,0.0,0.0,0.0,0.0,0.0
1,active_drug_count,count,3564,0.0,,3564,5.903759820426487,2.195674097268514,6.0,3.0,4.0,7.0,10.0
1,ddi_renal_double_hit,binary,3564,0.0,0.14506172839506173,3564,0.14506172839506173,0.3521630635800681,0.0,0.0,0.0,0.0,1.0
1,ddi_renal_triple_whammy,binary,3564,0.0,0.0664983164983165,3564,0.0664983164983165,0.24915113967470875,0.0,0.0,0.0,0.0,1.0
1,ddi_cns_depression_synergy,binary,3564,0.0,0.033950617283950615,3564,0.033950617283950615,0.18110210619976047,0.0,0.0,0.0,0.0,0.0
1,ddi_bleeding_dual,binary,3564,0.0,0.0872615039281706,3564,0.0872615039281706,0.282217883665023,0.0,0.0,0.0,0.0,1.0
1,ddi_bleeding_triple,binary,3564,0.0,0.026374859708193043,3564,0.026374859708193043,0.1602473915031573,0.0,0.0,0.0,0.0,0.0
1,ddi_serotonergic_synergy,binary,3564,0.0,0.030303030303030304,3564,0.030303030303030304,0.17141982574219336,0.0,0.0,0.0,0.0,0.0
1,ddi_qt_multidrug_load,count,3564,0.0,,3564,0.6955667789001122,0.7850829295423971,1.0,0.0,0.0,1.0,2.0
1,ddi_hepatic_triple_hit,binary,3564,0.0,0.0016835016835016834,3564,0.0016835016835016834,0.040995944989514886,0.0,0.0,0.0,0.0,0.0
1,cumulative_adr_burden,continuous,3564,0.0,,3564,1.8306060606060606,1.535629291424712,1.48,0.24,0.48,2.64,4.82
1,severe_adr_burden,binary,3564,0.0,0.10437710437710437,3564,0.10437710437710437,0.3057491201278516,0.0,0.0,0.0,0.0,1.0
1,statin,binary,3564,0.0,0.31425364758698093,3564,0.31425364758698093,0.4642179364967046,0.0,0.0,0.0,1.0,1.0
1,macrolide,binary,3564,0.0,0.12457912457912458,3564,0.12457912457912458,0.33024107300307687,0.0,0.0,0.0,0.0,1.0
1,azole_antifungal,binary,3564,0.0,0.08305274971941638,3564,0.08305274971941638,0.27596193665696067,0.0,0.0,0.0,0.0,1.0
1,metformin,binary,3564,0.0,0.2878787878787879,3564,0.2878787878787879,0.4527743271964829,0.0,0.0,0.0,1.0,1.0
1,digoxin,binary,3564,0.0,0.09399551066217733,3564,0.09399551066217733,0.29182247109764153,0.0,0.0,0.0,0.0,1.0
1,triptan,binary,3564,0.0,0.0861391694725028,3564,0.0861391694725028,0.2805694440866472,0.0,0.0,0.0,0.0,1.0
1,lithium,binary,3564,0.0,0.04938271604938271,3564,0.04938271604938271,0.21666578734301536,0.0,0.0,0.0,0.0,0.0
1,potassium_supplement,binary,3564,0.0,0.14393939393939395,3564,0.14393939393939395,0.3510282678243362,0.0,0.0,0.0,0.0,1.0
1,hypertension,binary,3564,0.0,0.5381593714927049,3564,0.5381593714927049,0.4985417358329007,1.0,0.0,0.0,1.0,1.0
1,atrial_fibrillation,binary,3564,0.0,0.12906846240179573,3564,0.12906846240179573,0.33527569911198746,0.0,0.0,0.0,0.0,1.0
1,epilepsy,binary,3564,0.0,0.03423120089786756,3564,0.03423120089786756,0.18182251176066563,0.0,0.0,0.0,0.0,0.0
1,hypothyroidism,binary,3564,0.0,0.15179573512906847,3564,0.15179573512906847,0.35882278345402513,0.0,0.0,0.0,0.0,1.0
1,obesity,binary,3564,0.0,0.3319304152637486,3564,0.3319304152637486,0.4709061633559112,0.0,0.0,0.0,1.0,1.0
1,nephrotoxin_load,count,3564,0.0,,3564,1.0914702581369249,0.8508562888053404,1.0,0.0,0.0,2.0,3.0
1,hepatic_drug_load,count,3564,0.0,,3564,0.9337822671156004,0.8584387688240932,1.0,0.0,0.0,1.0,2.0
1,qt_drug_load_v3,count,3564,0.0,,3564,0.7895622895622896,0.8355478516817434,1.0,0.0,0.0,1.0,2.0
1,cns_depressant_load,count,3564,0.0,,3564,0.5990460157126823,0.7150060543906004,0.0,0.0,0.0,1.0,2.0
1,bleeding_risk_load,count,3564,0.0,,3564,1.2856341189674523,0.9874669817735227,1.0,0.0,1.0,2.0,3.0
1,serotonergic_load,count,3564,0.0,,3564,0.6245791245791246,0.7200212906595538,0.0,0.0,0.0,1.0,2.0
1,cyp_inhibitor_load,count,3564,0.0,,3564,0.20763187429854096,0.42848636480075797,0.0,0.0,0.0,0.0,1.0
1,ddi_statin_cyp_inhibitor,binary,3564,0.0,0.06060606060606061,3564,0.06060606060606061,0.2386062992124791,0.0,0.0,0.0,0.0,1.0
1,ddi_metformin_renal_risk,binary,3564,0.0,0.03198653198653199,3564,0.03198653198653199,0.1759641831680713,0.0,0.0,0.0,0.0,0.0
1,ddi_lithium_renal_risk,binary,3564,0.0,0.005331088664421998,3564,0.005331088664421998,0.07281942157195474,0.0,0.0,0.0,0.0,0.0
1,ddi_digoxin_electrolyte_risk,binary,3564,0.0,0.00813692480359147,3564,0.00813692480359147,0.08983715967422481,0.0,0.0,0.0,0.0,0.0
1,ddi_serotonergic_high_load,binary,3564,0.0,0.1127946127946128,3564,0.1127946127946128,0.31634156874986596,0.0,0.0,0.0,0.0,1.0
1,drug_disease_nsaid_ckd,binary,3564,0.0,0.03058361391694725,3564,0.03058361391694725,0.17218669076536186,0.0,0.0,0.0,0.0,0.0
1,drug_disease_nsaid_heart_failure,binary,3564,0.0,0.02441077441077441,3564,0.02441077441077441,0.1543207325780975,0.0,0.0,0.0,0.0,0.0
1,drug_disease_qt_baseline_risk,binary,3564,0.0,0.04489337822671156,3564,0.04489337822671156,0.20706994668011333,0.0,0.0,0.0,0.0,0.0
1,drug_disease_hepatic_liver_disease,binary,3564,0.0,0.037037037037037035,3564,0.037037037037037035,0.1888525745775105,0.0,0.0,0.0,0.0,0.0
1,drug_disease_anticoagulant_frailty,binary,3564,0.0,0.008417508417508417,3564,0.008417508417508417,0.09136002391390664,0.0,0.0,0.0,0.0,0.0
1,muscle_injury,binary,3564,0.0,0.02749719416386083,3564,0.02749719416386083,0.16352705732378287,0.0,0.0,0.0,0.0,0.0
1,lactate_accumulation,binary,3564,0.0,0.013468013468013467,3564,0.013468013468013467,0.11526762807154002,0.0,0.0,0.0,0.0,0.0
1,serotonin_toxicity,binary,3564,0.0,0.014029180695847363,3564,0.014029180695847363,0.11761106574149655,0.0,0.0,0.0,0.0,0.0
1,digoxin_toxicity,binary,3564,0.0,0.009820426487093154,3564,0.009820426487093154,0.09861027183161372,0.0,0.0,0.0,0.0,0.0
1,lithium_toxicity,binary,3564,0.0,0.007575757575757576,3564,0.007575757575757576,0.08670850865348179,0.0,0.0,0.0,0.0,0.0
1,Serotonin_syndrome,binary,3564,0.0,0.0025252525252525255,3564,0.0025252525252525255,0.050188401298868146,0.0,0.0,0.0,0.0,0.0
1,Rhabdomyolysis,binary,3564,0.0,0.001964085297418631,3564,0.001964085297418631,0.044274458397174025,0.0,0.0,0.0,0.0,0.0
1,Lactic_acidosis,binary,3564,0.0,0.004208754208754209,3564,0.004208754208754209,0.06473824678476009,0.0,0.0,0.0,0.0,0.0
2,age,continuous,3496,0.0,,3496,65.58715675057209,12.056779207892868,65.5,45.575,57.5,73.6,85.7
2,alcohol_use,binary,3496,0.0,0.13043478260869565,3496,0.13043478260869565,0.33678116053977536,0.0,0.0,0.0,0.0,1.0
2,baseline_alt_ast,continuous,3496,0.0,,3496,24.870652173913044,9.77702861766741,24.5,8.9,18.2,31.0,41.7
2,baseline_egfr,continuous,3496,0.0,,3496,74.48561212814646,19.607635274732818,74.9,41.375,61.6,87.7,106.7
2,baseline_mood_vulnerability,binary,3496,0.0,0.1072654462242563,3496,0.1072654462242563,0.3094504326553244,0.0,0.0,0.0,0.0,1.0
2,baseline_potassium,continuous,3496,0.0,,3496,4.266393020594966,0.357806299306121,4.26,3.69,4.02,4.51,4.86
2,baseline_qt_risk,binary,3496,0.0,0.06693363844393593,3496,0.06693363844393593,0.24990703569245984,0.0,0.0,0.0,0.0,1.0
2,baseline_sodium,continuous,3496,0.0,,3496,138.9533466819222,2.4808154549380013,139.0,134.8,137.2,140.7,142.9
2,ckd,binary,3496,0.0,0.08209382151029748,3496,0.08209382151029748,0.2745076064158021,0.0,0.0,0.0,0.0,1.0
2,depression_history,binary,3496,0.0,0.119279176201373,3496,0.119279176201373,0.3241167294758091,0.0,0.0,0.0,0.0,1.0
2,diabetes,binary,3496,0.0,0.17334096109839817,3496,0.17334096109839817,0.37854177088385077,0.0,0.0,0.0,0.0,1.0
2,frailty,binary,3496,0.0,0.03546910755148741,3496,0.03546910755148741,0.18496229334918085,0.0,0.0,0.0,0.0,0.0
2,heart_failure,binary,3496,0.0,0.07294050343249428,3496,0.07294050343249428,0.26003881708604304,0.0,0.0,0.0,0.0,1.0
2,infection,binary,3496,0.0,0.08609839816933638,3496,0.08609839816933638,0.2805092939672602,0.0,0.0,0.0,0.0,1.0
2,liver_disease,binary,3496,0.0,0.05491990846681922,3496,0.05491990846681922,0.2278238620531559,0.0,0.0,0.0,0.0,1.0
2,monitoring_intensity,continuous,3496,0.0,,3496,0.38985812356979405,0.19815976007204594,0.373,0.094,0.235,0.529,0.735
2,polypharmacy_burden,count,3496,0.0,,3496,4.911899313501144,2.237402119904943,5.0,2.0,3.0,6.0,9.0
2,sex_female,binary,3496,0.0,0.5394736842105263,3496,0.5394736842105263,0.49843939275988974,1.0,0.0,0.0,1.0,1.0
2,acei_arb,binary,3496,0.0,0.5823798627002288,3496,0.5823798627002288,0.4931668665081744,1.0,0.0,0.0,1.0,1.0
2,aminoglycoside,binary,3496,0.0,0.08438215102974829,3496,0.08438215102974829,0.27796007558162206,0.0,0.0,0.0,0.0,1.0
2,antibiotic_hepatic_risk,binary,3496,0.0,0.24056064073226543,3496,0.24056064073226543,0.4274239334229511,0.0,0.0,0.0,0.0,1.0
2,anticholinergic,binary,3496,0.0,0.17591533180778032,3496,0.17591533180778032,0.38074811600681474,0.0,0.0,0.0,0.0,1.0
2,anticoagulant,binary,3496,0.0,0.30463386727688785,3496,0.30463386727688785,0.4602521854210096,0.0,0.0,0.0,1.0,1.0
2,antiplatelet,binary,3496,0.0,0.3498283752860412,3496,0.3498283752860412,0.476915593297986,0.0,0.0,0.0,1.0,1.0
2,benzodiazepine,binary,3496,0.0,0.22797482837528604,3496,0.22797482837528604,0.41952628761800487,0.0,0.0,0.0,0.0,1.0
2,beta_blocker,binary,3496,0.0,0.3675629290617849,3496,0.3675629290617849,0.48214149607901013,0.0,0.0,0.0,1.0,1.0
2,contrast_agent,binary,3496,0.0,0.2202517162471396,3496,0.2202517162471396,0.4144163338206267,0.0,0.0,0.0,0.0,1.0
2,corticosteroid,binary,3496,0.0,0.21481693363844392,3496,0.21481693363844392,0.4106952868741256,0.0,0.0,0.0,0.0,1.0
2,diuretic,binary,3496,0.0,0.4945652173913043,3496,0.4945652173913043,0.4999704622655185,0.0,0.0,0.0,1.0,1.0
2,hepatotoxic_drug_A,binary,3496,0.0,0.12242562929061784,3496,0.12242562929061784,0.3277767450314529,0.0,0.0,0.0,0.0,1.0
2,herbal_exposure,binary,3496,0.0,0.17505720823798626,3496,0.17505720823798626,0.38001602871709056,0.0,0.0,0.0,0.0,1.0
2,nsaid,binary,3496,0.0,0.29147597254004576,3496,0.29147597254004576,0.4544422185183505,0.0,0.0,0.0,1.0,1.0
2,opioid,binary,3496,0.0,0.1945080091533181,3496,0.1945080091533181,0.39582147936731626,0.0,0.0,0.0,0.0,1.0
2,ppi,binary,3496,0.0,0.4181922196796339,3496,0.4181922196796339,0.493262087615757,0.0,0.0,0.0,1.0,1.0
2,qt_prolonging_drug,binary,3496,0.0,0.16676201372997712,3496,0.16676201372997712,0.3727632553065015,0.0,0.0,0.0,0.0,1.0
2,snri,binary,3496,0.0,0.1410183066361556,3496,0.1410183066361556,0.348040434187792,0.0,0.0,0.0,0.0,1.0
2,ssri,binary,3496,0.0,0.30348970251716245,3496,0.30348970251716245,0.45976483443517807,0.0,0.0,0.0,1.0,1.0
2,thiazide,binary,3496,0.0,0.21882151029748284,3496,0.21882151029748284,0.4134472843405934,0.0,0.0,0.0,0.0,1.0
2,valproate_like_drug,binary,3496,0.0,0.09324942791762014,3496,0.09324942791762014,0.29078165710831333,0.0,0.0,0.0,0.0,1.0
2,anticholinergic_burden,binary,3496,0.0,0.09267734553775744,3496,0.09267734553775744,0.28997974957198747,0.0,0.0,0.0,0.0,1.0
2,cardiac_repolarization_delay,binary,3496,0.0,0.19879862700228834,3496,0.19879862700228834,0.3990961449379,0.0,0.0,0.0,0.0,1.0
2,cholestatic_pattern,binary,3496,0.0,0.12299771167048056,3496,0.12299771167048056,0.328434581909862,0.0,0.0,0.0,0.0,1.0
2,cns_sedation,binary,3496,0.0,0.17505720823798626,3496,0.17505720823798626,0.38001602871709056,0.0,0.0,0.0,0.0,1.0
2,coagulation_impairment,binary,3496,0.0,0.17677345537757438,3496,0.17677345537757438,0.38147686804241104,0.0,0.0,0.0,0.0,1.0
2,electrolyte_disturbance,binary,3496,0.0,0.09210526315789473,3496,0.09210526315789473,0.2891744865241567,0.0,0.0,0.0,0.0,1.0
2,fatigue_pathway,binary,3496,0.0,0.10240274599542334,3496,0.10240274599542334,0.3031772148562952,0.0,0.0,0.0,0.0,1.0
2,gastric_mucosal_injury,binary,3496,0.0,0.10697940503432495,3496,0.10697940503432495,0.3090870620599102,0.0,0.0,0.0,0.0,1.0
2,gastric_protection,binary,3496,0.0,0.10926773455377574,3496,0.10926773455377574,0.3119748335030589,0.0,0.0,0.0,0.0,1.0
2,hepatic_metabolic_stress,binary,3496,0.0,0.14874141876430205,3496,0.14874141876430205,0.3558334007766621,0.0,0.0,0.0,0.0,1.0
2,hepatocellular_injury,binary,3496,0.0,0.08781464530892448,3496,0.08781464530892448,0.283025146194101,0.0,0.0,0.0,0.0,1.0
2,monoamine_disruption,binary,3496,0.0,0.08409610983981694,3496,0.08409610983981694,0.27753189753544794,0.0,0.0,0.0,0.0,1.0
2,nephrotoxic_stress,binary,3496,0.0,0.1370137299771167,3496,0.1370137299771167,0.3438618440229658,0.0,0.0,0.0,0.0,1.0
2,oxidative_hepatic_stress,binary,3496,0.0,0.08152173913043478,3496,0.08152173913043478,0.27363469293856746,0.0,0.0,0.0,0.0,1.0
2,platelet_inhibition,binary,3496,0.0,0.10640732265446225,3496,0.10640732265446225,0.30835824026604414,0.0,0.0,0.0,0.0,1.0
2,potassium_retention,binary,3496,0.0,0.1518878718535469,3496,0.1518878718535469,0.3589121706453369,0.0,0.0,0.0,0.0,1.0
2,psychomotor_impairment,binary,3496,0.0,0.11212814645308924,3496,0.11212814645308924,0.315524048570127,0.0,0.0,0.0,0.0,1.0
2,reduced_renal_perfusion,binary,3496,0.0,0.17877574370709381,3496,0.17877574370709381,0.38316442576140775,0.0,0.0,0.0,0.0,1.0
2,serotonergic_shift,binary,3496,0.0,0.15818077803203662,3496,0.15818077803203662,0.3649104266710068,0.0,0.0,0.0,0.0,1.0
2,sleep_disruption,binary,3496,0.0,0.08724256292906178,3496,0.08724256292906178,0.282190180804773,0.0,0.0,0.0,0.0,1.0
2,sodium_water_imbalance,binary,3496,0.0,0.11355835240274599,3496,0.11355835240274599,0.31727409759121483,0.0,0.0,0.0,0.0,1.0
2,tubular_injury,binary,3496,0.0,0.11727688787185354,3496,0.11727688787185354,0.32174993308926464,0.0,0.0,0.0,0.0,1.0
2,volume_depletion,binary,3496,0.0,0.12871853546910755,3496,0.12871853546910755,0.33488815162050095,0.0,0.0,0.0,0.0,1.0
2,alt_ast_rise,binary,3496,0.0,0.05491990846681922,3496,0.05491990846681922,0.2278238620531559,0.0,0.0,0.0,0.0,1.0
2,anhedonia_like_symptom,binary,3496,0.0,0.04662471395881007,3496,0.04662471395881007,0.21083370225623138,0.0,0.0,0.0,0.0,0.0
2,bilirubin_rise,binary,3496,0.0,0.02517162471395881,3496,0.02517162471395881,0.15664614270137145,0.0,0.0,0.0,0.0,0.0
2,cognitive_slowing,binary,3496,0.0,0.06864988558352403,3496,0.06864988558352403,0.2528578232780095,0.0,0.0,0.0,0.0,1.0
2,confusion_state,binary,3496,0.0,0.07951945080091533,3496,0.07951945080091533,0.2705477919799682,0.0,0.0,0.0,0.0,1.0
2,creatinine_rise,binary,3496,0.0,0.15331807780320367,3496,0.15331807780320367,0.3602938312293654,0.0,0.0,0.0,0.0,1.0
2,dehydration,binary,3496,0.0,0.1118421052631579,3496,0.1118421052631579,0.3151720938685127,0.0,0.0,0.0,0.0,1.0
2,dizziness,binary,3496,0.0,0.13672768878718536,3496,0.13672768878718536,0.3435596424292294,0.0,0.0,0.0,0.0,1.0
2,fatigue_symptom,binary,3496,0.0,0.18878718535469108,3496,0.18878718535469108,0.3913394741149231,0.0,0.0,0.0,0.0,1.0
2,gi_irritation,binary,3496,0.0,0.09382151029748284,3496,0.09382151029748284,0.29158023681824213,0.0,0.0,0.0,0.0,1.0
2,hyperkalemia_state,binary,3496,0.0,0.06121281464530892,3496,0.06121281464530892,0.23972026607800184,0.0,0.0,0.0,0.0,1.0
2,hyponatremia_state,binary,3496,0.0,0.06950800915331808,3496,0.06950800915331808,0.25431603531209024,0.0,0.0,0.0,0.0,1.0
2,hypotension,binary,3496,0.0,0.10583524027459955,3496,0.10583524027459955,0.30762662789592404,0.0,0.0,0.0,0.0,1.0
2,jaundice,binary,3496,0.0,0.014874141876430207,3496,0.014874141876430207,0.12104917091773093,0.0,0.0,0.0,0.0,0.0
2,mood_lowering,binary,3496,0.0,0.08609839816933638,3496,0.08609839816933638,0.2805092939672602,0.0,0.0,0.0,0.0,1.0
2,nausea,binary,3496,0.0,0.10240274599542334,3496,0.10240274599542334,0.3031772148562952,0.0,0.0,0.0,0.0,1.0
2,occult_bleeding,binary,3496,0.0,0.02574370709382151,3496,0.02574370709382151,0.15836972134498764,0.0,0.0,0.0,0.0,0.0
2,overt_bleeding,binary,3496,0.0,0.02517162471395881,3496,0.02517162471395881,0.15664614270137148,0.0,0.0,0.0,0.0,0.0
2,qt_prolongation_state,binary,3496,0.0,0.05120137299771167,3496,0.05120137299771167,0.22040824031977768,0.0,0.0,0.0,0.0,1.0
2,sedation_state,binary,3496,0.0,0.1318649885583524,3496,0.1318649885583524,0.33834392761043897,0.0,0.0,0.0,0.0,1.0
2,sleep_disturbance_symptom,binary,3496,0.0,0.1255720823798627,3496,0.1255720823798627,0.33136646557346094,0.0,0.0,0.0,0.0,1.0
2,adr_reported,binary,3496,0.0,0.05205949656750572,3496,0.05205949656750572,0.22214703550721437,0.0,0.0,0.0,0.0,1.0
2,creatinine_tested,binary,3496,0.0,0.5294622425629291,3496,0.5294622425629291,0.4991312214870586,1.0,0.0,0.0,1.0,1.0
2,ecg_performed,binary,3496,0.0,0.2803203661327231,3496,0.2803203661327231,0.4491557173897925,0.0,0.0,0.0,1.0,1.0
2,electrolyte_abnormality_recorded,binary,3496,0.0,0.12528604118993136,3496,0.12528604118993136,0.3310429716409732,0.0,0.0,0.0,0.0,1.0
2,electrolytes_tested,binary,3496,0.0,0.46710526315789475,3496,0.46710526315789475,0.49891676288544234,0.0,0.0,0.0,1.0,1.0
2,elevated_alt_ast_recorded,binary,3496,0.0,0.02745995423340961,3496,0.02745995423340961,0.16341941484079744,0.0,0.0,0.0,0.0,0.0
2,elevated_creatinine_recorded,binary,3496,0.0,0.10411899313501144,3496,0.10411899313501144,0.3054148464033189,0.0,0.0,0.0,0.0,1.0
2,fall_reported,binary,3496,0.0,0.06092677345537757,3496,0.06092677345537757,0.2391959484015034,0.0,0.0,0.0,0.0,1.0
2,hospital_contact,binary,3496,0.0,0.2986270022883295,3496,0.2986270022883295,0.4576558923390101,0.0,0.0,0.0,1.0,1.0
2,lft_tested,binary,3496,0.0,0.3618421052631579,3496,0.3618421052631579,0.48053344953487226,0.0,0.0,0.0,1.0,1.0
2,mood_screening_done,binary,3496,0.0,0.20080091533180777,3496,0.20080091533180777,0.40059943551347643,0.0,0.0,0.0,0.0,1.0
2,qt_recorded,binary,3496,0.0,0.020594965675057208,3496,0.020594965675057208,0.14202398763554142,0.0,0.0,0.0,0.0,0.0
2,AKI,binary,3496,0.0,0.1455949656750572,3496,0.1455949656750572,0.35269969045228283,0.0,0.0,0.0,0.0,1.0
2,DILI,binary,3496,0.0,0.019736842105263157,3496,0.019736842105263157,0.13909456915701301,0.0,0.0,0.0,0.0,0.0
2,Delirium,binary,3496,0.0,0.03575514874141877,3496,0.03575514874141877,0.1856790728108523,0.0,0.0,0.0,0.0,0.0
2,Depression,binary,3496,0.0,0.07951945080091533,3496,0.07951945080091533,0.2705477919799682,0.0,0.0,0.0,0.0,1.0
2,Falls,binary,3496,0.0,0.07751716247139588,3496,0.07751716247139588,0.26741026905072124,0.0,0.0,0.0,0.0,1.0
2,GI_bleeding,binary,3496,0.0,0.02316933638443936,3496,0.02316933638443936,0.15044107895101005,0.0,0.0,0.0,0.0,0.0
2,Hospitalization,binary,3496,0.0,0.23655606407322655,3496,0.23655606407322655,0.42496740183619974,0.0,0.0,0.0,0.0,1.0
2,Hyperkalemia,binary,3496,0.0,0.04462242562929062,3496,0.04462242562929062,0.20647339964326894,0.0,0.0,0.0,0.0,0.0
2,Hyponatremia,binary,3496,0.0,0.06950800915331808,3496,0.06950800915331808,0.25431603531209024,0.0,0.0,0.0,0.0,1.0
2,QT_arrhythmia,binary,3496,0.0,0.02030892448512586,3496,0.02030892448512586,0.1410548548309604,0.0,0.0,0.0,0.0,0.0
2,active_drug_count,count,3496,0.0,,3496,6.698512585812357,2.310447386110204,7.0,3.0,5.0,8.0,11.0
2,ddi_renal_double_hit,binary,3496,0.0,0.16475972540045766,3496,0.16475972540045766,0.3709635538518891,0.0,0.0,0.0,0.0,1.0
2,ddi_renal_triple_whammy,binary,3496,0.0,0.08066361556064074,3496,0.08066361556064074,0.27231782292998363,0.0,0.0,0.0,0.0,1.0
2,ddi_cns_depression_synergy,binary,3496,0.0,0.04919908466819222,3496,0.04919908466819222,0.21628345922886538,0.0,0.0,0.0,0.0,0.0
2,ddi_bleeding_dual,binary,3496,0.0,0.1072654462242563,3496,0.1072654462242563,0.3094504326553244,0.0,0.0,0.0,0.0,1.0
2,ddi_bleeding_triple,binary,3496,0.0,0.031464530892448515,3496,0.031464530892448515,0.17456951104980123,0.0,0.0,0.0,0.0,0.0
2,ddi_serotonergic_synergy,binary,3496,0.0,0.04691075514874142,3496,0.04691075514874142,0.2114477150505918,0.0,0.0,0.0,0.0,0.0
2,ddi_qt_multidrug_load,count,3496,0.0,,3496,0.8604118993135011,0.8309448811782566,1.0,0.0,0.0,1.0,2.0
2,ddi_hepatic_triple_hit,binary,3496,0.0,0.002860411899313501,3496,0.002860411899313501,0.053406272506886,0.0,0.0,0.0,0.0,0.0
2,cumulative_adr_burden,continuous,3496,0.0,,3496,1.983678489702517,1.5856585064002457,1.74,0.32,0.56,2.8,5.06
2,severe_adr_burden,binary,3496,0.0,0.11270022883295194,3496,0.11270022883295194,0.3162260066059593,0.0,0.0,0.0,0.0,1.0
2,statin,binary,3496,0.0,0.3340961098398169,3496,0.3340961098398169,0.4716735091455931,0.0,0.0,0.0,1.0,1.0
2,macrolide,binary,3496,0.0,0.153604118993135,3496,0.153604118993135,0.3605688472698076,0.0,0.0,0.0,0.0,1.0
2,azole_antifungal,binary,3496,0.0,0.09553775743707094,3496,0.09553775743707094,0.29395627964200105,0.0,0.0,0.0,0.0,1.0
2,metformin,binary,3496,0.0,0.33352402745995424,3496,0.33352402745995424,0.4714718979608922,0.0,0.0,0.0,1.0,1.0
2,digoxin,binary,3496,0.0,0.10125858123569793,3496,0.10125858123569793,0.3016708155619822,0.0,0.0,0.0,0.0,1.0
2,triptan,binary,3496,0.0,0.09353546910755149,3496,0.09353546910755149,0.29118136122764066,0.0,0.0,0.0,0.0,1.0
2,lithium,binary,3496,0.0,0.05606407322654462,3496,0.05606407322654462,0.2300454149071293,0.0,0.0,0.0,0.0,1.0
2,potassium_supplement,binary,3496,0.0,0.14302059496567507,3496,0.14302059496567507,0.35009385081909017,0.0,0.0,0.0,0.0,1.0
2,hypertension,binary,3496,0.0,0.5231693363844394,3496,0.5231693363844394,0.4994628933679705,1.0,0.0,0.0,1.0,1.0
2,atrial_fibrillation,binary,3496,0.0,0.1272883295194508,3496,0.1272883295194508,0.33329568057146874,0.0,0.0,0.0,0.0,1.0
2,epilepsy,binary,3496,0.0,0.03832951945080092,3496,0.03832951945080092,0.19199053984369022,0.0,0.0,0.0,0.0,0.0
2,hypothyroidism,binary,3496,0.0,0.14816933638443935,3496,0.14816933638443935,0.35526776400320115,0.0,0.0,0.0,0.0,1.0
2,obesity,binary,3496,0.0,0.3326659038901602,3496,0.3326659038901602,0.47116801703755623,0.0,0.0,0.0,1.0,1.0
2,nephrotoxin_load,count,3496,0.0,,3496,1.234553775743707,0.8649787209010416,1.0,0.0,1.0,2.0,3.0
2,hepatic_drug_load,count,3496,0.0,,3496,1.0394736842105263,0.9111803381193065,1.0,0.0,0.0,2.0,3.0
2,qt_drug_load_v3,count,3496,0.0,,3496,0.9616704805491991,0.8969921522316766,1.0,0.0,0.0,1.0,3.0
2,cns_depressant_load,count,3496,0.0,,3496,0.6916475972540046,0.7521129865001602,1.0,0.0,0.0,1.0,2.0
2,bleeding_risk_load,count,3496,0.0,,3496,1.4642448512585813,1.0479808697846487,1.0,0.0,1.0,2.0,3.0
2,serotonergic_load,count,3496,0.0,,3496,0.7325514874141876,0.7640626016553616,1.0,0.0,0.0,1.0,2.0
2,cyp_inhibitor_load,count,3496,0.0,,3496,0.24914187643020594,0.47113397989390093,0.0,0.0,0.0,0.0,1.0
2,ddi_statin_cyp_inhibitor,binary,3496,0.0,0.07294050343249428,3496,0.07294050343249428,0.26003881708604304,0.0,0.0,0.0,0.0,1.0
2,ddi_metformin_renal_risk,binary,3496,0.0,0.033752860411899316,3496,0.033752860411899316,0.18059237200367614,0.0,0.0,0.0,0.0,0.0
2,ddi_lithium_renal_risk,binary,3496,0.0,0.002574370709382151,3496,0.002574370709382151,0.050672905233791636,0.0,0.0,0.0,0.0,0.0
2,ddi_digoxin_electrolyte_risk,binary,3496,0.0,0.009725400457665904,3496,0.009725400457665904,0.09813672627311315,0.0,0.0,0.0,0.0,0.0
2,ddi_serotonergic_high_load,binary,3496,0.0,0.16018306636155608,3496,0.16018306636155608,0.36677575112398775,0.0,0.0,0.0,0.0,1.0
2,drug_disease_nsaid_ckd,binary,3496,0.0,0.02631578947368421,3496,0.02631578947368421,0.16007269816574266,0.0,0.0,0.0,0.0,0.0
2,drug_disease_nsaid_heart_failure,binary,3496,0.0,0.02259725400457666,3496,0.02259725400457666,0.14861567251144578,0.0,0.0,0.0,0.0,0.0
2,drug_disease_qt_baseline_risk,binary,3496,0.0,0.041475972540045765,3496,0.041475972540045765,0.1993883553317574,0.0,0.0,0.0,0.0,0.0
2,drug_disease_hepatic_liver_disease,binary,3496,0.0,0.041189931350114416,3496,0.041189931350114416,0.1987292653473244,0.0,0.0,0.0,0.0,0.0
2,drug_disease_anticoagulant_frailty,binary,3496,0.0,0.014016018306636156,3496,0.014016018306636156,0.11755666521922178,0.0,0.0,0.0,0.0,0.0
2,muscle_injury,binary,3496,0.0,0.036613272311212815,3496,0.036613272311212815,0.18781038470190564,0.0,0.0,0.0,0.0,0.0
2,lactate_accumulation,binary,3496,0.0,0.014874141876430207,3496,0.014874141876430207,0.12104917091773094,0.0,0.0,0.0,0.0,0.0
2,serotonin_toxicity,binary,3496,0.0,0.014588100686498856,3496,0.014588100686498856,0.11989698914009238,0.0,0.0,0.0,0.0,0.0
2,digoxin_toxicity,binary,3496,0.0,0.009439359267734555,3496,0.009439359267734555,0.09669673088760129,0.0,0.0,0.0,0.0,0.0
2,lithium_toxicity,binary,3496,0.0,0.010011441647597255,3496,0.010011441647597255,0.09955507362125751,0.0,0.0,0.0,0.0,0.0
2,Serotonin_syndrome,binary,3496,0.0,0.0008581235697940503,3496,0.0008581235697940503,0.02928117473280425,0.0,0.0,0.0,0.0,0.0
2,Rhabdomyolysis,binary,3496,0.0,0.002574370709382151,3496,0.002574370709382151,0.05067290523379163,0.0,0.0,0.0,0.0,0.0
2,Lactic_acidosis,binary,3496,0.0,0.005434782608695652,3496,0.005434782608695652,0.0735203764047211,0.0,0.0,0.0,0.0,0.0
3,age,continuous,3402,0.0,,3402,66.13412698412698,12.02417963528367,66.1,46.2,58.1,74.3,85.9
3,alcohol_use,binary,3402,0.0,0.12610229276895943,3402,0.12610229276895943,0.33196461336620064,0.0,0.0,0.0,0.0,1.0
3,baseline_alt_ast,continuous,3402,0.0,,3402,24.90652557319224,9.67202301172876,24.4,9.205,18.4,30.9,41.9
3,baseline_egfr,continuous,3402,0.0,,3402,74.82572016460905,19.55878835927149,74.9,42.905,61.5,88.0,107.2
3,baseline_mood_vulnerability,binary,3402,0.0,0.11757789535567313,3402,0.11757789535567313,0.3221076433110576,0.0,0.0,0.0,0.0,1.0
3,baseline_potassium,continuous,3402,0.0,,3402,4.266875367430923,0.3599685159806243,4.25,3.69,4.02,4.5,4.88
3,baseline_qt_risk,binary,3402,0.0,0.06907701352145797,3402,0.06907701352145797,0.25358505422128935,0.0,0.0,0.0,0.0,1.0
3,baseline_sodium,continuous,3402,0.0,,3402,138.96531452087007,2.567040394780923,139.0,134.8,137.3,140.7,143.1
3,ckd,binary,3402,0.0,0.09553203997648442,3402,0.09553203997648442,0.2939484126754485,0.0,0.0,0.0,0.0,1.0
3,depression_history,binary,3402,0.0,0.12228101116990006,3402,0.12228101116990006,0.3276100814644855,0.0,0.0,0.0,0.0,1.0
3,diabetes,binary,3402,0.0,0.17519106407995297,3402,0.17519106407995297,0.3801304449087008,0.0,0.0,0.0,0.0,1.0
3,frailty,binary,3402,0.0,0.03380364491475603,3402,0.03380364491475603,0.18072343098013913,0.0,0.0,0.0,0.0,0.0
3,heart_failure,binary,3402,0.0,0.07613168724279835,3402,0.07613168724279835,0.26520869789726564,0.0,0.0,0.0,0.0,1.0
3,infection,binary,3402,0.0,0.07818930041152264,3402,0.07818930041152264,0.2684692416510303,0.0,0.0,0.0,0.0,1.0
3,liver_disease,binary,3402,0.0,0.05496766607877719,3402,0.05496766607877719,0.22791713793532342,0.0,0.0,0.0,0.0,1.0
3,monitoring_intensity,continuous,3402,0.0,,3402,0.39186801881246325,0.20067011907684107,0.368,0.095,0.23625,0.536,0.7519499999999998
3,polypharmacy_burden,count,3402,0.0,,3402,4.9185773074661965,2.185170337643586,5.0,2.0,3.0,6.0,9.0
3,sex_female,binary,3402,0.0,0.544973544973545,3402,0.544973544973545,0.49797327262867486,1.0,0.0,0.0,1.0,1.0
3,acei_arb,binary,3402,0.0,0.5094062316284539,3402,0.5094062316284539,0.4999115149769526,1.0,0.0,0.0,1.0,1.0
3,aminoglycoside,binary,3402,0.0,0.058788947677836566,3402,0.058788947677836566,0.235229265417314,0.0,0.0,0.0,0.0,1.0
3,antibiotic_hepatic_risk,binary,3402,0.0,0.184891240446796,3402,0.184891240446796,0.38820931165138356,0.0,0.0,0.0,0.0,1.0
3,anticholinergic,binary,3402,0.0,0.13139329805996472,3402,0.13139329805996472,0.33782998576930673,0.0,0.0,0.0,0.0,1.0
3,anticoagulant,binary,3402,0.0,0.2448559670781893,3402,0.2448559670781893,0.4300017703037907,0.0,0.0,0.0,0.0,1.0
3,antiplatelet,binary,3402,0.0,0.28189300411522633,3402,0.28189300411522633,0.449921480200845,0.0,0.0,0.0,1.0,1.0
3,benzodiazepine,binary,3402,0.0,0.17930629041740154,3402,0.17930629041740154,0.3836085825866673,0.0,0.0,0.0,0.0,1.0
3,beta_blocker,binary,3402,0.0,0.284538506760729,3402,0.284538506760729,0.4511943538333604,0.0,0.0,0.0,1.0,1.0
3,contrast_agent,binary,3402,0.0,0.1610817166372722,3402,0.1610817166372722,0.3676063073485842,0.0,0.0,0.0,0.0,1.0
3,corticosteroid,binary,3402,0.0,0.1472663139329806,3402,0.1472663139329806,0.35437119904638614,0.0,0.0,0.0,0.0,1.0
3,diuretic,binary,3402,0.0,0.4141681363903586,3402,0.4141681363903586,0.4925778021686481,0.0,0.0,0.0,1.0,1.0
3,hepatotoxic_drug_A,binary,3402,0.0,0.09200470311581423,3402,0.09200470311581423,0.28903258937425225,0.0,0.0,0.0,0.0,1.0
3,herbal_exposure,binary,3402,0.0,0.13256907701352147,3402,0.13256907701352147,0.3391084145716595,0.0,0.0,0.0,0.0,1.0
3,nsaid,binary,3402,0.0,0.22545561434450323,3402,0.22545561434450323,0.41788201720706514,0.0,0.0,0.0,0.0,1.0
3,opioid,binary,3402,0.0,0.15167548500881833,3402,0.15167548500881833,0.35870605271748357,0.0,0.0,0.0,0.0,1.0
3,ppi,binary,3402,0.0,0.3515579071134627,3402,0.3515579071134627,0.4774567467943716,0.0,0.0,0.0,1.0,1.0
3,qt_prolonging_drug,binary,3402,0.0,0.11434450323339213,3402,0.11434450323339213,0.31822922212408605,0.0,0.0,0.0,0.0,1.0
3,snri,binary,3402,0.0,0.09670781893004116,3402,0.09670781893004116,0.29555949771211126,0.0,0.0,0.0,0.0,1.0
3,ssri,binary,3402,0.0,0.22721928277483833,3402,0.22721928277483833,0.41903541653436216,0.0,0.0,0.0,0.0,1.0
3,thiazide,binary,3402,0.0,0.1693121693121693,3402,0.1693121693121693,0.3750274105115206,0.0,0.0,0.0,0.0,1.0
3,valproate_like_drug,binary,3402,0.0,0.06290417401528513,3402,0.06290417401528513,0.24279052474662152,0.0,0.0,0.0,0.0,1.0
3,anticholinergic_burden,binary,3402,0.0,0.09053497942386832,3402,0.09053497942386832,0.2869466795845319,0.0,0.0,0.0,0.0,1.0
3,cardiac_repolarization_delay,binary,3402,0.0,0.13932980599647266,3402,0.13932980599647266,0.3462903567202788,0.0,0.0,0.0,0.0,1.0
3,cholestatic_pattern,binary,3402,0.0,0.09817754262198707,3402,0.09817754262198707,0.2975545542361854,0.0,0.0,0.0,0.0,1.0
3,cns_sedation,binary,3402,0.0,0.13727219282774838,3402,0.13727219282774838,0.3441344764826823,0.0,0.0,0.0,0.0,1.0
3,coagulation_impairment,binary,3402,0.0,0.13139329805996472,3402,0.13139329805996472,0.33782998576930673,0.0,0.0,0.0,0.0,1.0
3,electrolyte_disturbance,binary,3402,0.0,0.09847148736037625,3402,0.09847148736037625,0.2979510925259572,0.0,0.0,0.0,0.0,1.0
3,fatigue_pathway,binary,3402,0.0,0.09053497942386832,3402,0.09053497942386832,0.2869466795845319,0.0,0.0,0.0,0.0,1.0
3,gastric_mucosal_injury,binary,3402,0.0,0.0873015873015873,3402,0.0873015873015873,0.28227649593299586,0.0,0.0,0.0,0.0,1.0
3,gastric_protection,binary,3402,0.0,0.11169900058788948,3402,0.11169900058788948,0.31499576799626394,0.0,0.0,0.0,0.0,1.0
3,hepatic_metabolic_stress,binary,3402,0.0,0.1249265138154027,3402,0.1249265138154027,0.3306355697158621,0.0,0.0,0.0,0.0,1.0
3,hepatocellular_injury,binary,3402,0.0,0.07348618459729571,3402,0.07348618459729571,0.26093287502847906,0.0,0.0,0.0,0.0,1.0
3,monoamine_disruption,binary,3402,0.0,0.08436213991769548,3402,0.08436213991769548,0.2779301517759501,0.0,0.0,0.0,0.0,1.0
3,nephrotoxic_stress,binary,3402,0.0,0.1146384479717813,3402,0.1146384479717813,0.31858511298929604,0.0,0.0,0.0,0.0,1.0
3,oxidative_hepatic_stress,binary,3402,0.0,0.08289241622574955,3402,0.08289241622574955,0.2757195378604981,0.0,0.0,0.0,0.0,1.0
3,platelet_inhibition,binary,3402,0.0,0.1043503821281599,3402,0.1043503821281599,0.3057145398535485,0.0,0.0,0.0,0.0,1.0
3,potassium_retention,binary,3402,0.0,0.13786008230452676,3402,0.13786008230452676,0.3447530710690129,0.0,0.0,0.0,0.0,1.0
3,psychomotor_impairment,binary,3402,0.0,0.10170487948265726,3402,0.10170487948265726,0.3022598169986798,0.0,0.0,0.0,0.0,1.0
3,reduced_renal_perfusion,binary,3402,0.0,0.1710758377425044,3402,0.1710758377425044,0.37657521889153134,0.0,0.0,0.0,0.0,1.0
3,serotonergic_shift,binary,3402,0.0,0.1284538506760729,3402,0.1284538506760729,0.3345944693544143,0.0,0.0,0.0,0.0,1.0
3,sleep_disruption,binary,3402,0.0,0.09229864785420341,3402,0.09229864785420341,0.28944707194665,0.0,0.0,0.0,0.0,1.0
3,sodium_water_imbalance,binary,3402,0.0,0.11875367430922987,3402,0.11875367430922987,0.32349843762727387,0.0,0.0,0.0,0.0,1.0
3,tubular_injury,binary,3402,0.0,0.09053497942386832,3402,0.09053497942386832,0.28694667958453196,0.0,0.0,0.0,0.0,1.0
3,volume_depletion,binary,3402,0.0,0.11699000587889477,3402,0.11699000587889477,0.3214083763739691,0.0,0.0,0.0,0.0,1.0
3,alt_ast_rise,binary,3402,0.0,0.05555555555555555,3402,0.05555555555555555,0.2290614236454256,0.0,0.0,0.0,0.0,1.0
3,anhedonia_like_symptom,binary,3402,0.0,0.0411522633744856,3402,0.0411522633744856,0.1986422779612703,0.0,0.0,0.0,0.0,0.0
3,bilirubin_rise,binary,3402,0.0,0.02498530276308054,3402,0.02498530276308054,0.15608022747586495,0.0,0.0,0.0,0.0,0.0
3,cognitive_slowing,binary,3402,0.0,0.07231040564373897,3402,0.07231040564373897,0.2590011793011316,0.0,0.0,0.0,0.0,1.0
3,confusion_state,binary,3402,0.0,0.06701940035273368,3402,0.06701940035273368,0.2500555944766957,0.0,0.0,0.0,0.0,1.0
3,creatinine_rise,binary,3402,0.0,0.1422692533803645,3402,0.1422692533803645,0.34932608394300896,0.0,0.0,0.0,0.0,1.0
3,dehydration,binary,3402,0.0,0.11669606114050558,3402,0.11669606114050558,0.32105776809601877,0.0,0.0,0.0,0.0,1.0
3,dizziness,binary,3402,0.0,0.14432686654908877,3402,0.14432686654908877,0.3514208618468891,0.0,0.0,0.0,0.0,1.0
3,fatigue_symptom,binary,3402,0.0,0.19929453262786595,3402,0.19929453262786595,0.3994699261427654,0.0,0.0,0.0,0.0,1.0
3,gi_irritation,binary,3402,0.0,0.09406231628453851,3402,0.09406231628453851,0.2919153934614034,0.0,0.0,0.0,0.0,1.0
3,hyperkalemia_state,binary,3402,0.0,0.06349206349206349,3402,0.06349206349206349,0.24384589675773358,0.0,0.0,0.0,0.0,1.0
3,hyponatremia_state,binary,3402,0.0,0.06966490299823633,3402,0.06966490299823633,0.2545814295829188,0.0,0.0,0.0,0.0,1.0
3,hypotension,binary,3402,0.0,0.09847148736037625,3402,0.09847148736037625,0.2979510925259572,0.0,0.0,0.0,0.0,1.0
3,jaundice,binary,3402,0.0,0.010875955320399765,3402,0.010875955320399765,0.10371918297146596,0.0,0.0,0.0,0.0,0.0
3,mood_lowering,binary,3402,0.0,0.09024103468547913,3402,0.09024103468547913,0.28652677072897265,0.0,0.0,0.0,0.0,1.0
3,nausea,binary,3402,0.0,0.10934744268077601,3402,0.10934744268077601,0.3120746376429049,0.0,0.0,0.0,0.0,1.0
3,occult_bleeding,binary,3402,0.0,0.029688418577307467,3402,0.029688418577307467,0.16972629843275927,0.0,0.0,0.0,0.0,0.0
3,overt_bleeding,binary,3402,0.0,0.021457965902410347,3402,0.021457965902410347,0.14490521592317285,0.0,0.0,0.0,0.0,0.0
3,qt_prolongation_state,binary,3402,0.0,0.04144620811287478,3402,0.04144620811287478,0.19931989350272852,0.0,0.0,0.0,0.0,0.0
3,sedation_state,binary,3402,0.0,0.12257495590828923,3402,0.12257495590828923,0.327948679052638,0.0,0.0,0.0,0.0,1.0
3,sleep_disturbance_symptom,binary,3402,0.0,0.11787184009406232,3402,0.11787184009406232,0.3224563061980679,0.0,0.0,0.0,0.0,1.0
3,adr_reported,binary,3402,0.0,0.04027042915931805,3402,0.04027042915931805,0.19659278138996455,0.0,0.0,0.0,0.0,0.0
3,creatinine_tested,binary,3402,0.0,0.43562610229276894,3402,0.43562610229276894,0.4958386847493637,0.0,0.0,0.0,1.0,1.0
3,ecg_performed,binary,3402,0.0,0.20164609053497942,3402,0.20164609053497942,0.401229291935345,0.0,0.0,0.0,0.0,1.0
3,electrolyte_abnormality_recorded,binary,3402,0.0,0.08965314520870077,3402,0.08965314520870077,0.2856841941075641,0.0,0.0,0.0,0.0,1.0
3,electrolytes_tested,binary,3402,0.0,0.3733098177542622,3402,0.3733098177542622,0.48368336514970384,0.0,0.0,0.0,1.0,1.0
3,elevated_alt_ast_recorded,binary,3402,0.0,0.021164021164021163,3402,0.021164021164021163,0.14393090485434332,0.0,0.0,0.0,0.0,0.0
3,elevated_creatinine_recorded,binary,3402,0.0,0.08142269253380365,3402,0.08142269253380365,0.2734831579354555,0.0,0.0,0.0,0.0,1.0
3,fall_reported,binary,3402,0.0,0.048500881834215165,3402,0.048500881834215165,0.21482212710872842,0.0,0.0,0.0,0.0,0.0
3,hospital_contact,binary,3402,0.0,0.24191651969429748,3402,0.24191651969429748,0.4282439925945209,0.0,0.0,0.0,0.0,1.0
3,lft_tested,binary,3402,0.0,0.28336272780717225,3402,0.28336272780717225,0.4506309934934022,0.0,0.0,0.0,1.0,1.0
3,mood_screening_done,binary,3402,0.0,0.15608465608465608,3402,0.15608465608465608,0.3629355813634022,0.0,0.0,0.0,0.0,1.0
3,qt_recorded,binary,3402,0.0,0.016166960611405056,3402,0.016166960611405056,0.12611736595724768,0.0,0.0,0.0,0.0,0.0
3,AKI,binary,3402,0.0,0.12375073486184597,3402,0.12375073486184597,0.32929696397476715,0.0,0.0,0.0,0.0,1.0
3,DILI,binary,3402,0.0,0.015873015873015872,3402,0.015873015873015872,0.12498425196844146,0.0,0.0,0.0,0.0,0.0
3,Delirium,binary,3402,0.0,0.03850676072898295,3402,0.03850676072898295,0.1924161898259702,0.0,0.0,0.0,0.0,0.0
3,Depression,binary,3402,0.0,0.0890652557319224,3402,0.0890652557319224,0.2848379117205602,0.0,0.0,0.0,0.0,1.0
3,Falls,binary,3402,0.0,0.07936507936507936,3402,0.07936507936507936,0.2703077200940699,0.0,0.0,0.0,0.0,1.0
3,GI_bleeding,binary,3402,0.0,0.025279247501469725,3402,0.025279247501469725,0.15697199478642412,0.0,0.0,0.0,0.0,0.0
3,Hospitalization,binary,3402,0.0,0.21987066431510877,3402,0.21987066431510877,0.4141588527228912,0.0,0.0,0.0,0.0,1.0
3,Hyperkalemia,binary,3402,0.0,0.05026455026455026,3402,0.05026455026455026,0.21849033216884625,0.0,0.0,0.0,0.0,0.9499999999998181
3,Hyponatremia,binary,3402,0.0,0.0855379188712522,3402,0.0855379188712522,0.2796805021921036,0.0,0.0,0.0,0.0,1.0
3,QT_arrhythmia,binary,3402,0.0,0.012933568489124045,3402,0.012933568489124045,0.1129880139451136,0.0,0.0,0.0,0.0,0.0
3,active_drug_count,count,3402,0.0,,3402,5.268371546149324,2.1409734759131624,5.0,2.0,4.0,7.0,9.0
3,ddi_renal_double_hit,binary,3402,0.0,0.12169312169312169,3402,0.12169312169312169,0.32693104139207213,0.0,0.0,0.0,0.0,1.0
3,ddi_renal_triple_whammy,binary,3402,0.0,0.053203997648442095,3402,0.053203997648442095,0.22444004162062234,0.0,0.0,0.0,0.0,1.0
3,ddi_cns_depression_synergy,binary,3402,0.0,0.03262786596119929,3402,0.03262786596119929,0.17766059868191741,0.0,0.0,0.0,0.0,0.0
3,ddi_bleeding_dual,binary,3402,0.0,0.06878306878306878,3402,0.06878306878306878,0.2530848834518814,0.0,0.0,0.0,0.0,1.0
3,ddi_bleeding_triple,binary,3402,0.0,0.01763668430335097,3402,0.01763668430335097,0.13162686530543416,0.0,0.0,0.0,0.0,0.0
3,ddi_serotonergic_synergy,binary,3402,0.0,0.020282186948853614,3402,0.020282186948853614,0.1409638955244405,0.0,0.0,0.0,0.0,0.0
3,ddi_qt_multidrug_load,count,3402,0.0,,3402,0.63668430335097,0.7368166827033668,0.0,0.0,0.0,1.0,2.0
3,ddi_hepatic_triple_hit,binary,3402,0.0,0.001763668430335097,3402,0.001763668430335097,0.04195900265739091,0.0,0.0,0.0,0.0,0.0
3,cumulative_adr_burden,continuous,3402,0.0,,3402,1.7841975308641975,1.5273508840100625,1.48,0.24,0.48,2.56,4.716999999999989
3,severe_adr_burden,binary,3402,0.0,0.09229864785420341,3402,0.09229864785420341,0.28944707194665,0.0,0.0,0.0,0.0,1.0
3,statin,binary,3402,0.0,0.26954732510288065,3402,0.26954732510288065,0.44372464956633034,0.0,0.0,0.0,1.0,1.0
3,macrolide,binary,3402,0.0,0.12786596119929453,3402,0.12786596119929453,0.33394049943945864,0.0,0.0,0.0,0.0,1.0
3,azole_antifungal,binary,3402,0.0,0.07054673721340388,3402,0.07054673721340388,0.25606619277434267,0.0,0.0,0.0,0.0,1.0
3,metformin,binary,3402,0.0,0.2566137566137566,3402,0.2566137566137566,0.4367643947603013,0.0,0.0,0.0,1.0,1.0
3,digoxin,binary,3402,0.0,0.08142269253380365,3402,0.08142269253380365,0.2734831579354555,0.0,0.0,0.0,0.0,1.0
3,triptan,binary,3402,0.0,0.07436801881246326,3402,0.07436801881246326,0.26236885598403703,0.0,0.0,0.0,0.0,1.0
3,lithium,binary,3402,0.0,0.04879482657260435,3402,0.04879482657260435,0.21543883464304622,0.0,0.0,0.0,0.0,0.0
3,potassium_supplement,binary,3402,0.0,0.11787184009406232,3402,0.11787184009406232,0.3224563061980679,0.0,0.0,0.0,0.0,1.0
3,hypertension,binary,3402,0.0,0.5270429159318049,3402,0.5270429159318049,0.4992681450862906,1.0,0.0,0.0,1.0,1.0
3,atrial_fibrillation,binary,3402,0.0,0.1355085243974133,3402,0.1355085243974133,0.3422659261642166,0.0,0.0,0.0,0.0,1.0
3,epilepsy,binary,3402,0.0,0.03968253968253968,3402,0.03968253968253968,0.19521228374998162,0.0,0.0,0.0,0.0,0.0
3,hypothyroidism,binary,3402,0.0,0.13727219282774838,3402,0.13727219282774838,0.3441344764826823,0.0,0.0,0.0,0.0,1.0
3,obesity,binary,3402,0.0,0.3306878306878307,3402,0.3306878306878307,0.47046082655499305,0.0,0.0,0.0,1.0,1.0
3,nephrotoxin_load,count,3402,0.0,,3402,1.0035273368606703,0.8444510010810744,1.0,0.0,0.0,2.0,2.0
3,hepatic_drug_load,count,3402,0.0,,3402,0.8077601410934744,0.8143833271197494,1.0,0.0,0.0,1.0,2.0
3,qt_drug_load_v3,count,3402,0.0,,3402,0.7181069958847737,0.7805439489719642,1.0,0.0,0.0,1.0,2.0
3,cns_depressant_load,count,3402,0.0,,3402,0.5252792475014697,0.6850048349908694,0.0,0.0,0.0,1.0,2.0
3,bleeding_risk_load,count,3402,0.0,,3402,1.1266901822457378,0.9325261897068359,1.0,0.0,0.0,2.0,3.0
3,serotonergic_load,count,3402,0.0,,3402,0.5499706055261611,0.6836472795955949,0.0,0.0,0.0,1.0,2.0
3,cyp_inhibitor_load,count,3402,0.0,,3402,0.1984126984126984,0.4196354302818848,0.0,0.0,0.0,0.0,1.0
3,ddi_statin_cyp_inhibitor,binary,3402,0.0,0.05114638447971781,3402,0.05114638447971781,0.2202962365415503,0.0,0.0,0.0,0.0,1.0
3,ddi_metformin_renal_risk,binary,3402,0.0,0.029394473838918283,3402,0.029394473838918283,0.16890955789016626,0.0,0.0,0.0,0.0,0.0
3,ddi_lithium_renal_risk,binary,3402,0.0,0.003821281599059377,3402,0.003821281599059377,0.06169829337996364,0.0,0.0,0.0,0.0,0.0
3,ddi_digoxin_electrolyte_risk,binary,3402,0.0,0.006760728982951205,3402,0.006760728982951205,0.0819452349229062,0.0,0.0,0.0,0.0,0.0
3,ddi_serotonergic_high_load,binary,3402,0.0,0.09200470311581423,3402,0.09200470311581423,0.2890325893742523,0.0,0.0,0.0,0.0,1.0
3,drug_disease_nsaid_ckd,binary,3402,0.0,0.025279247501469725,3402,0.025279247501469725,0.15697199478642412,0.0,0.0,0.0,0.0,0.0
3,drug_disease_nsaid_heart_failure,binary,3402,0.0,0.0188124632569077,3402,0.0188124632569077,0.1358622629103284,0.0,0.0,0.0,0.0,0.0
3,drug_disease_qt_baseline_risk,binary,3402,0.0,0.035861258083480306,3402,0.035861258083480306,0.1859441535842155,0.0,0.0,0.0,0.0,0.0
3,drug_disease_hepatic_liver_disease,binary,3402,0.0,0.03380364491475603,3402,0.03380364491475603,0.18072343098013913,0.0,0.0,0.0,0.0,0.0
3,drug_disease_anticoagulant_frailty,binary,3402,0.0,0.008524397413286302,3402,0.008524397413286302,0.09193330224693692,0.0,0.0,0.0,0.0,0.0
3,muscle_injury,binary,3402,0.0,0.03380364491475603,3402,0.03380364491475603,0.18072343098013913,0.0,0.0,0.0,0.0,0.0
3,lactate_accumulation,binary,3402,0.0,0.01557907113462669,3402,0.01557907113462669,0.12384007298612565,0.0,0.0,0.0,0.0,0.0
3,serotonin_toxicity,binary,3402,0.0,0.013227513227513227,3402,0.013227513227513227,0.11424774011475758,0.0,0.0,0.0,0.0,0.0
3,digoxin_toxicity,binary,3402,0.0,0.011169900058788948,3402,0.011169900058788948,0.1050958295626692,0.0,0.0,0.0,0.0,0.0
3,lithium_toxicity,binary,3402,0.0,0.008524397413286302,3402,0.008524397413286302,0.09193330224693692,0.0,0.0,0.0,0.0,0.0
3,Serotonin_syndrome,binary,3402,0.0,0.0029394473838918285,3402,0.0029394473838918285,0.05413692855130552,0.0,0.0,0.0,0.0,0.0
3,Rhabdomyolysis,binary,3402,0.0,0.003527336860670194,3402,0.003527336860670194,0.05928654784469706,0.0,0.0,0.0,0.0,0.0
3,Lactic_acidosis,binary,3402,0.0,0.005291005291005291,3402,0.005291005291005291,0.07254660952805336,0.0,0.0,0.0,0.0,0.0
4,age,continuous,3538,0.0,,3538,66.29256642170718,11.788360214431542,66.1,46.885,58.4,74.3,86.4
4,alcohol_use,binary,3538,0.0,0.1297343131712832,3538,0.1297343131712832,0.3360108944026348,0.0,0.0,0.0,0.0,1.0
4,baseline_alt_ast,continuous,3538,0.0,,3538,25.00958168456755,10.065402086254114,24.5,8.7,18.2,31.3,42.414999999999964
4,baseline_egfr,continuous,3538,0.0,,3538,74.2552289429056,20.05836655962526,74.5,41.2,60.725,87.8,107.41499999999996
4,baseline_mood_vulnerability,binary,3538,0.0,0.11503674392312041,3538,0.11503674392312041,0.3190662806858268,0.0,0.0,0.0,0.0,1.0
4,baseline_potassium,continuous,3538,0.0,,3538,4.264886941775014,0.35621796605123596,4.26,3.68,4.02,4.51,4.85
4,baseline_qt_risk,binary,3538,0.0,0.06783493499152063,3538,0.06783493499152063,0.2514624357358705,0.0,0.0,0.0,0.0,1.0
4,baseline_sodium,continuous,3538,0.0,,3538,139.03962690785752,2.5034201764491244,139.1,134.9,137.4,140.7,143.2
4,ckd,binary,3538,0.0,0.10175240248728094,3538,0.10175240248728094,0.30232242899815975,0.0,0.0,0.0,0.0,1.0
4,depression_history,binary,3538,0.0,0.10797060486150367,3538,0.10797060486150367,0.31034328307109327,0.0,0.0,0.0,0.0,1.0
4,diabetes,binary,3538,0.0,0.17354437535330694,3538,0.17354437535330694,0.3787172099819831,0.0,0.0,0.0,0.0,1.0
4,frailty,binary,3538,0.0,0.0395703787450537,3538,0.0395703787450537,0.19494759262690753,0.0,0.0,0.0,0.0,0.0
4,heart_failure,binary,3538,0.0,0.0791407574901074,3538,0.0791407574901074,0.2699583264024272,0.0,0.0,0.0,0.0,1.0
4,infection,binary,3538,0.0,0.08422837761447145,3538,0.08422837761447145,0.27773000921561475,0.0,0.0,0.0,0.0,1.0
4,liver_disease,binary,3538,0.0,0.06218202374222725,3538,0.06218202374222725,0.2414858581067395,0.0,0.0,0.0,0.0,1.0
4,monitoring_intensity,continuous,3538,0.0,,3538,0.39839089881288864,0.1997180944173273,0.382,0.1,0.241,0.538,0.7531499999999997
4,polypharmacy_burden,count,3538,0.0,,3538,4.897964951950255,2.2491858553203934,5.0,2.0,3.0,6.0,9.0
4,sex_female,binary,3538,0.0,0.5305257207461843,3538,0.5305257207461843,0.4990673104631538,1.0,0.0,0.0,1.0,1.0
4,acei_arb,binary,3538,0.0,0.5698134539287734,3538,0.5698134539287734,0.49510209214922035,1.0,0.0,0.0,1.0,1.0
4,aminoglycoside,binary,3538,0.0,0.07037874505370266,3538,0.07037874505370266,0.2557842397380428,0.0,0.0,0.0,0.0,1.0
4,antibiotic_hepatic_risk,binary,3538,0.0,0.21368004522328998,3538,0.21368004522328998,0.4099035051041437,0.0,0.0,0.0,0.0,1.0
4,anticholinergic,binary,3538,0.0,0.16365178066704353,3538,0.16365178066704353,0.3699592887758725,0.0,0.0,0.0,0.0,1.0
4,anticoagulant,binary,3538,0.0,0.2967778405879028,3538,0.2967778405879028,0.4568377763756891,0.0,0.0,0.0,1.0,1.0
4,antiplatelet,binary,3538,0.0,0.3281514980214811,3538,0.3281514980214811,0.4695402989816092,0.0,0.0,0.0,1.0,1.0
4,benzodiazepine,binary,3538,0.0,0.2071791972866026,3538,0.2071791972866026,0.4052850570873316,0.0,0.0,0.0,0.0,1.0
4,beta_blocker,binary,3538,0.0,0.34567552289429054,3538,0.34567552289429054,0.47558801053648253,0.0,0.0,0.0,1.0,1.0
4,contrast_agent,binary,3538,0.0,0.19191633691351045,3538,0.19191633691351045,0.3938076390056577,0.0,0.0,0.0,0.0,1.0
4,corticosteroid,binary,3538,0.0,0.1851328434143584,3538,0.1851328434143584,0.3884052956689353,0.0,0.0,0.0,0.0,1.0
4,diuretic,binary,3538,0.0,0.4595816845675523,3538,0.4595816845675523,0.49836368224179745,0.0,0.0,0.0,1.0,1.0
4,hepatotoxic_drug_A,binary,3538,0.0,0.10910118711136235,3538,0.10910118711136235,0.3117661272207965,0.0,0.0,0.0,0.0,1.0
4,herbal_exposure,binary,3538,0.0,0.15347654041831543,3538,0.15347654041831543,0.36044624004078696,0.0,0.0,0.0,0.0,1.0
4,nsaid,binary,3538,0.0,0.25551158846806105,3538,0.25551158846806105,0.4361483883113512,0.0,0.0,0.0,1.0,1.0
4,opioid,binary,3538,0.0,0.18202374222724704,3538,0.18202374222724704,0.3858640945888018,0.0,0.0,0.0,0.0,1.0
4,ppi,binary,3538,0.0,0.3985302430751837,3538,0.3985302430751837,0.48959563767421244,0.0,0.0,0.0,1.0,1.0
4,qt_prolonging_drug,binary,3538,0.0,0.141888072357264,3538,0.141888072357264,0.3489353052931214,0.0,0.0,0.0,0.0,1.0
4,snri,binary,3538,0.0,0.12323346523459582,3538,0.12323346523459582,0.32870500191032914,0.0,0.0,0.0,0.0,1.0
4,ssri,binary,3538,0.0,0.29451667608818544,3538,0.29451667608818544,0.45582518973193253,0.0,0.0,0.0,1.0,1.0
4,thiazide,binary,3538,0.0,0.21481062747314866,3538,0.21481062747314866,0.41069090785862405,0.0,0.0,0.0,0.0,1.0
4,valproate_like_drug,binary,3538,0.0,0.09016393442622951,3538,0.09016393442622951,0.2864164788468221,0.0,0.0,0.0,0.0,1.0
4,anticholinergic_burden,binary,3538,0.0,0.09129451667608819,3538,0.09129451667608819,0.28802747768393144,0.0,0.0,0.0,0.0,1.0
4,cardiac_repolarization_delay,binary,3538,0.0,0.18343697003957038,3538,0.18343697003957038,0.38702435073554753,0.0,0.0,0.0,0.0,1.0
4,cholestatic_pattern,binary,3538,0.0,0.10175240248728094,3538,0.10175240248728094,0.30232242899815975,0.0,0.0,0.0,0.0,1.0
4,cns_sedation,binary,3538,0.0,0.16704352741661957,3538,0.16704352741661957,0.37301472808031677,0.0,0.0,0.0,0.0,1.0
4,coagulation_impairment,binary,3538,0.0,0.1693046919163369,3538,0.1693046919163369,0.3750208170374694,0.0,0.0,0.0,0.0,1.0
4,electrolyte_disturbance,binary,3538,0.0,0.09412097230073488,3538,0.09412097230073488,0.2919969432612252,0.0,0.0,0.0,0.0,1.0
4,fatigue_pathway,binary,3538,0.0,0.09383832673827021,3538,0.09383832673827021,0.29160366111081637,0.0,0.0,0.0,0.0,1.0
4,gastric_mucosal_injury,binary,3538,0.0,0.10146975692481629,3538,0.10146975692481629,0.30194973978202894,0.0,0.0,0.0,0.0,1.0
4,gastric_protection,binary,3538,0.0,0.11136235161107971,3538,0.11136235161107971,0.3145803208319458,0.0,0.0,0.0,0.0,1.0
4,hepatic_metabolic_stress,binary,3538,0.0,0.14669304691916338,3538,0.14669304691916338,0.3537996564508444,0.0,0.0,0.0,0.0,1.0
4,hepatocellular_injury,binary,3538,0.0,0.07942340305257208,3538,0.07942340305257208,0.27039845802097456,0.0,0.0,0.0,0.0,1.0
4,monoamine_disruption,binary,3538,0.0,0.08451102317693612,3538,0.08451102317693612,0.27815267415310513,0.0,0.0,0.0,0.0,1.0
4,nephrotoxic_stress,binary,3538,0.0,0.12832108535895986,3538,0.12832108535895986,0.3344469829603168,0.0,0.0,0.0,0.0,1.0
4,oxidative_hepatic_stress,binary,3538,0.0,0.08677218767665347,3538,0.08677218767665347,0.28150093272041055,0.0,0.0,0.0,0.0,1.0
4,platelet_inhibition,binary,3538,0.0,0.1040135669869983,3538,0.1040135669869983,0.3052781434522287,0.0,0.0,0.0,0.0,1.0
4,potassium_retention,binary,3538,0.0,0.1455624646693047,3538,0.1455624646693047,0.35266702929066407,0.0,0.0,0.0,0.0,1.0
4,psychomotor_impairment,binary,3538,0.0,0.11871113623516111,3538,0.11871113623516111,0.3234482993755233,0.0,0.0,0.0,0.0,1.0
4,reduced_renal_perfusion,binary,3538,0.0,0.18371961560203504,3538,0.18371961560203504,0.38725536593451554,0.0,0.0,0.0,0.0,1.0
4,serotonergic_shift,binary,3538,0.0,0.14980214810627474,3538,0.14980214810627474,0.356877380242879,0.0,0.0,0.0,0.0,1.0
4,sleep_disruption,binary,3538,0.0,0.09383832673827021,3538,0.09383832673827021,0.29160366111081637,0.0,0.0,0.0,0.0,1.0
4,sodium_water_imbalance,binary,3538,0.0,0.12719050310910118,3538,0.12719050310910118,0.33318625275955627,0.0,0.0,0.0,0.0,1.0
4,tubular_injury,binary,3538,0.0,0.09129451667608819,3538,0.09129451667608819,0.2880274776839315,0.0,0.0,0.0,0.0,1.0
4,volume_depletion,binary,3538,0.0,0.11927642736009045,3538,0.11927642736009045,0.32411350054618754,0.0,0.0,0.0,0.0,1.0
4,alt_ast_rise,binary,3538,0.0,0.060203504804974564,3538,0.060203504804974564,0.23786349617831645,0.0,0.0,0.0,0.0,1.0
4,anhedonia_like_symptom,binary,3538,0.0,0.040983606557377046,3538,0.040983606557377046,0.19825223971225941,0.0,0.0,0.0,0.0,0.0
4,bilirubin_rise,binary,3538,0.0,0.027133973996608253,3538,0.027133973996608253,0.16247375619391474,0.0,0.0,0.0,0.0,0.0
4,cognitive_slowing,binary,3538,0.0,0.06642170717919729,3538,0.06642170717919729,0.249017798549819,0.0,0.0,0.0,0.0,1.0
4,confusion_state,binary,3538,0.0,0.07320520067834935,3538,0.07320520067834935,0.26047302983608867,0.0,0.0,0.0,0.0,1.0
4,creatinine_rise,binary,3538,0.0,0.15065008479366873,3538,0.15065008479366873,0.35770747370628025,0.0,0.0,0.0,0.0,1.0
4,dehydration,binary,3538,0.0,0.11531938948558508,3538,0.11531938948558508,0.31940699412232193,0.0,0.0,0.0,0.0,1.0
4,dizziness,binary,3538,0.0,0.1489542114188807,3538,0.1489542114188807,0.35604333208116695,0.0,0.0,0.0,0.0,1.0
4,fatigue_symptom,binary,3538,0.0,0.19022046353872243,3538,0.19022046353872243,0.3924750167715596,0.0,0.0,0.0,0.0,1.0
4,gi_irritation,binary,3538,0.0,0.09383832673827021,3538,0.09383832673827021,0.29160366111081637,0.0,0.0,0.0,0.0,1.0
4,hyperkalemia_state,binary,3538,0.0,0.055115884680610516,3538,0.055115884680610516,0.22820631879175507,0.0,0.0,0.0,0.0,1.0
4,hyponatremia_state,binary,3538,0.0,0.07037874505370266,3538,0.07037874505370266,0.2557842397380428,0.0,0.0,0.0,0.0,1.0
4,hypotension,binary,3538,0.0,0.10627473148671567,3538,0.10627473148671567,0.3081889240938781,0.0,0.0,0.0,0.0,1.0
4,jaundice,binary,3538,0.0,0.010457885811192764,3538,0.010457885811192764,0.10172766799427192,0.0,0.0,0.0,0.0,0.0
4,mood_lowering,binary,3538,0.0,0.08705483323911814,3538,0.08705483323911814,0.2819153937776855,0.0,0.0,0.0,0.0,1.0
4,nausea,binary,3538,0.0,0.10118711136235162,3538,0.10118711136235162,0.30157632509282734,0.0,0.0,0.0,0.0,1.0
4,occult_bleeding,binary,3538,0.0,0.026851328434143583,3538,0.026851328434143583,0.16164880016710717,0.0,0.0,0.0,0.0,0.0
4,overt_bleeding,binary,3538,0.0,0.023459581684567552,3538,0.023459581684567552,0.15135795225805834,0.0,0.0,0.0,0.0,0.0
4,qt_prolongation_state,binary,3538,0.0,0.05624646693046919,3538,0.05624646693046919,0.23039705269015232,0.0,0.0,0.0,0.0,1.0
4,sedation_state,binary,3538,0.0,0.13482193329564726,3538,0.13482193329564726,0.3415332774387751,0.0,0.0,0.0,0.0,1.0
4,sleep_disturbance_symptom,binary,3538,0.0,0.12040700960994913,3538,0.12040700960994913,0.3254368781295979,0.0,0.0,0.0,0.0,1.0
4,adr_reported,binary,3538,0.0,0.04324477105709441,3538,0.04324477105709441,0.20340762235794874,0.0,0.0,0.0,0.0,0.0
4,creatinine_tested,binary,3538,0.0,0.5180893159977389,3538,0.5180893159977389,0.4996726695014787,1.0,0.0,0.0,1.0,1.0
4,ecg_performed,binary,3538,0.0,0.2724703222159412,3538,0.2724703222159412,0.445230553452346,0.0,0.0,0.0,1.0,1.0
4,electrolyte_abnormality_recorded,binary,3538,0.0,0.11927642736009045,3538,0.11927642736009045,0.32411350054618754,0.0,0.0,0.0,0.0,1.0
4,electrolytes_tested,binary,3538,0.0,0.45336348219332956,3538,0.45336348219332956,0.4978202840452246,0.0,0.0,0.0,1.0,1.0
4,elevated_alt_ast_recorded,binary,3538,0.0,0.03137365743357829,3538,0.03137365743357829,0.1743254171164342,0.0,0.0,0.0,0.0,0.0
4,elevated_creatinine_recorded,binary,3538,0.0,0.09836065573770492,3538,0.09836065573770492,0.2978016741735238,0.0,0.0,0.0,0.0,1.0
4,fall_reported,binary,3538,0.0,0.06218202374222725,3538,0.06218202374222725,0.2414858581067395,0.0,0.0,0.0,0.0,1.0
4,hospital_contact,binary,3538,0.0,0.2928208027133974,3538,0.2928208027133974,0.4550568977739805,0.0,0.0,0.0,1.0,1.0
4,lft_tested,binary,3538,0.0,0.35754663651780666,3538,0.35754663651780666,0.4792776222948555,0.0,0.0,0.0,1.0,1.0
4,mood_screening_done,binary,3538,0.0,0.18626342566421708,3538,0.18626342566421708,0.3893191003843091,0.0,0.0,0.0,0.0,1.0
4,qt_recorded,binary,3538,0.0,0.022611644997173545,3538,0.022611644997173545,0.14866189326016047,0.0,0.0,0.0,0.0,0.0
4,AKI,binary,3538,0.0,0.13736574335782928,3538,0.13736574335782928,0.3442330546440598,0.0,0.0,0.0,0.0,1.0
4,DILI,binary,3538,0.0,0.01978518937252685,3538,0.01978518937252685,0.1392613932646809,0.0,0.0,0.0,0.0,0.0
4,Delirium,binary,3538,0.0,0.03900508762012436,3538,0.03900508762012436,0.19360705245385762,0.0,0.0,0.0,0.0,0.0
4,Depression,binary,3538,0.0,0.08140192198982477,3538,0.08140192198982477,0.27345136512035784,0.0,0.0,0.0,0.0,1.0
4,Falls,binary,3538,0.0,0.07659694742792539,3538,0.07659694742792539,0.2659508508590432,0.0,0.0,0.0,0.0,1.0
4,GI_bleeding,binary,3538,0.0,0.026003391746749576,3538,0.026003391746749576,0.15914526497641912,0.0,0.0,0.0,0.0,0.0
4,Hospitalization,binary,3538,0.0,0.22696438665912946,3538,0.22696438665912946,0.4188693756382467,0.0,0.0,0.0,0.0,1.0
4,Hyperkalemia,binary,3538,0.0,0.054267947993216506,3538,0.054267947993216506,0.226545663860119,0.0,0.0,0.0,0.0,1.0
4,Hyponatremia,binary,3538,0.0,0.07518371961560204,3538,0.07518371961560204,0.26368755738632144,0.0,0.0,0.0,0.0,1.0
4,QT_arrhythmia,binary,3538,0.0,0.01639344262295082,3538,0.01639344262295082,0.12698306053139072,0.0,0.0,0.0,0.0,0.0
4,active_drug_count,count,3538,0.0,,3538,6.287167891464104,2.2690832228475357,6.0,3.0,5.0,8.0,10.0
4,ddi_renal_double_hit,binary,3538,0.0,0.14669304691916338,3538,0.14669304691916338,0.3537996564508444,0.0,0.0,0.0,0.0,1.0
4,ddi_renal_triple_whammy,binary,3538,0.0,0.07292255511588468,3538,0.07292255511588468,0.26000933843086377,0.0,0.0,0.0,0.0,1.0
4,ddi_cns_depression_synergy,binary,3538,0.0,0.03815715093273036,3538,0.03815715093273036,0.19157552757444574,0.0,0.0,0.0,0.0,0.0
4,ddi_bleeding_dual,binary,3538,0.0,0.10005652911249294,3538,0.10005652911249294,0.3000753573595369,0.0,0.0,0.0,0.0,1.0
4,ddi_bleeding_triple,binary,3538,0.0,0.023459581684567552,3538,0.023459581684567552,0.15135795225805834,0.0,0.0,0.0,0.0,0.0
4,ddi_serotonergic_synergy,binary,3538,0.0,0.03306953080836631,3538,0.03306953080836631,0.17881816725512206,0.0,0.0,0.0,0.0,0.0
4,ddi_qt_multidrug_load,count,3538,0.0,,3538,0.7911249293386093,0.7940282560050588,1.0,0.0,0.0,1.0,2.0
4,ddi_hepatic_triple_hit,binary,3538,0.0,0.0033917467495760316,3538,0.0033917467495760316,0.05813985555161598,0.0,0.0,0.0,0.0,0.0
4,cumulative_adr_burden,continuous,3538,0.0,,3538,1.9604352741661955,1.576276832187035,1.72,0.32,0.56,2.74,5.06
4,severe_adr_burden,binary,3538,0.0,0.11305822498586772,3538,0.11305822498586772,0.3166639587147748,0.0,0.0,0.0,0.0,1.0
4,statin,binary,3538,0.0,0.3352176370830978,3538,0.3352176370830978,0.4720664920024745,0.0,0.0,0.0,1.0,1.0
4,macrolide,binary,3538,0.0,0.14584511023176935,3538,0.14584511023176935,0.35295086634438566,0.0,0.0,0.0,0.0,1.0
4,azole_antifungal,binary,3538,0.0,0.0856416054267948,3538,0.0856416054267948,0.27983409521842756,0.0,0.0,0.0,0.0,1.0
4,metformin,binary,3538,0.0,0.32786885245901637,3538,0.32786885245901637,0.4694367561729952,0.0,0.0,0.0,1.0,1.0
4,digoxin,binary,3538,0.0,0.1031656302996043,3538,0.1031656302996043,0.30417508613377536,0.0,0.0,0.0,0.0,1.0
4,triptan,binary,3538,0.0,0.09920859242509893,3538,0.09920859242509893,0.2989418799936361,0.0,0.0,0.0,0.0,1.0
4,lithium,binary,3538,0.0,0.0570944036178632,3538,0.0570944036178632,0.23202291415587326,0.0,0.0,0.0,0.0,1.0
4,potassium_supplement,binary,3538,0.0,0.13793103448275862,3538,0.13793103448275862,0.3448275862068966,0.0,0.0,0.0,0.0,1.0
4,hypertension,binary,3538,0.0,0.535048049745619,3538,0.535048049745619,0.49877012160816986,1.0,0.0,0.0,1.0,1.0
4,atrial_fibrillation,binary,3538,0.0,0.14075749010740532,3538,0.14075749010740532,0.3477712165865211,0.0,0.0,0.0,0.0,1.0
4,epilepsy,binary,3538,0.0,0.035330695308083665,3538,0.035330695308083665,0.18461429326336307,0.0,0.0,0.0,0.0,0.0
4,hypothyroidism,binary,3538,0.0,0.1529112492933861,3538,0.1529112492933861,0.3599019298821861,0.0,0.0,0.0,0.0,1.0
4,obesity,binary,3538,0.0,0.34821933295647256,3538,0.34821933295647256,0.47640594991228,0.0,0.0,0.0,1.0,1.0
4,nephrotoxin_load,count,3538,0.0,,3538,1.1447145279819106,0.8476193112468284,1.0,0.0,1.0,2.0,3.0
4,hepatic_drug_load,count,3538,0.0,,3538,0.9796495195025439,0.8820383988076833,1.0,0.0,0.0,2.0,3.0
4,qt_drug_load_v3,count,3538,0.0,,3538,0.8942905596382137,0.8457095303664244,1.0,0.0,0.0,1.0,2.0
4,cns_depressant_load,count,3538,0.0,,3538,0.6430186546071227,0.7305287740030181,1.0,0.0,0.0,1.0,2.0
4,bleeding_risk_load,count,3538,0.0,,3538,1.3600904465799888,0.9839360928915047,1.0,0.0,1.0,2.0,3.0
4,serotonergic_load,count,3538,0.0,,3538,0.6989824759751272,0.7332868030920064,1.0,0.0,0.0,1.0,2.0
4,cyp_inhibitor_load,count,3538,0.0,,3538,0.23148671565856416,0.45280745370276704,0.0,0.0,0.0,0.0,1.0
4,ddi_statin_cyp_inhibitor,binary,3538,0.0,0.07490107405313737,3538,0.07490107405313737,0.2632316530336422,0.0,0.0,0.0,0.0,1.0
4,ddi_metformin_renal_risk,binary,3538,0.0,0.041831543244771056,3538,0.041831543244771056,0.2002040589861552,0.0,0.0,0.0,0.0,0.0
4,ddi_lithium_renal_risk,binary,3538,0.0,0.003674392312040701,3538,0.003674392312040701,0.06050529855457221,0.0,0.0,0.0,0.0,0.0
4,ddi_digoxin_electrolyte_risk,binary,3538,0.0,0.011023176936122103,3538,0.011023176936122103,0.10441104590203591,0.0,0.0,0.0,0.0,0.0
4,ddi_serotonergic_high_load,binary,3538,0.0,0.1362351611079706,3538,0.1362351611079706,0.3430381057344153,0.0,0.0,0.0,0.0,1.0
4,drug_disease_nsaid_ckd,binary,3538,0.0,0.024024872809496892,3538,0.024024872809496892,0.1531263474911629,0.0,0.0,0.0,0.0,0.0
4,drug_disease_nsaid_heart_failure,binary,3538,0.0,0.02035048049745619,3538,0.02035048049745619,0.14119609924137017,0.0,0.0,0.0,0.0,0.0
4,drug_disease_qt_baseline_risk,binary,3538,0.0,0.04494064443188242,3538,0.04494064443188242,0.20717379880170547,0.0,0.0,0.0,0.0,0.0
4,drug_disease_hepatic_liver_disease,binary,3538,0.0,0.0423968343697004,3538,0.0423968343697004,0.20149278598780793,0.0,0.0,0.0,0.0,0.0
4,drug_disease_anticoagulant_frailty,binary,3538,0.0,0.013566986998304126,3538,0.013566986998304126,0.1156845878330038,0.0,0.0,0.0,0.0,0.0
4,muscle_injury,binary,3538,0.0,0.03815715093273036,3538,0.03815715093273036,0.1915755275744457,0.0,0.0,0.0,0.0,0.0
4,lactate_accumulation,binary,3538,0.0,0.017806670435274168,3538,0.017806670435274168,0.132248224650782,0.0,0.0,0.0,0.0,0.0
4,serotonin_toxicity,binary,3538,0.0,0.01639344262295082,3538,0.01639344262295082,0.12698306053139072,0.0,0.0,0.0,0.0,0.0
4,digoxin_toxicity,binary,3538,0.0,0.009609949123798756,3538,0.009609949123798756,0.09755817752314132,0.0,0.0,0.0,0.0,0.0
4,lithium_toxicity,binary,3538,0.0,0.007348784624081402,3538,0.007348784624081402,0.08540948418431216,0.0,0.0,0.0,0.0,0.0
4,Serotonin_syndrome,binary,3538,0.0,0.003674392312040701,3538,0.003674392312040701,0.0605052985545722,0.0,0.0,0.0,0.0,0.0
4,Rhabdomyolysis,binary,3538,0.0,0.0045223289994347085,3538,0.0045223289994347085,0.06709603222140322,0.0,0.0,0.0,0.0,0.0
4,Lactic_acidosis,binary,3538,0.0,0.002826455624646693,3538,0.002826455624646693,0.05308923406161173,0.0,0.0,0.0,0.0,0.0
