backbone,config_id,seed,status,valid_auprc,valid_auc,valid_brier,best_epoch,sealed_test_auprc,sealed_test_auc
hetero_gatv2,hetero_gatv2__h32__L2__d0.1__lr0.0003__hd4__shared,20260721,ok,0.6253141876052387,0.7825895316804409,0.16179398678918994,163,0.5059912706199283,0.7019283746556474
hetero_gatv2,hetero_gatv2__h32__L2__d0.1__lr0.0003__hd4__shared,20260722,ok,0.6347539257330537,0.7680440771349863,0.17112195578426412,115,0.5639038942563492,0.7129476584022038
hetero_gatv2,hetero_gatv2__h32__L2__d0.1__lr0.0003__hd4__shared,20260723,ok,0.5966690698332161,0.7731129476584022,0.17565977373072206,60,0.4426416695174342,0.6725068870523416
hetero_gatv2,hetero_gatv2__h32__L2__d0.1__lr0.001__hd4__shared,20260721,ok,0.4515886793930787,0.6967493112947658,0.24987039753306442,2,0.34080909602715737,0.5972451790633608
hetero_gatv2,hetero_gatv2__h32__L2__d0.1__lr0.001__hd4__shared,20260722,ok,0.5996491185002868,0.7424793388429752,0.19144596324447766,42,0.5262351679458394,0.7253994490358127
hetero_gatv2,hetero_gatv2__h32__L2__d0.1__lr0.001__hd4__shared,20260723,ok,0.645424217070459,0.7937190082644628,0.1645771121343529,107,0.517208880777084,0.7118457300275483
hetero_gatv2,hetero_gatv2__h32__L2__d0.25__lr0.0003__hd4__shared,20260721,ok,0.6559734777369682,0.7829201101928375,0.1949693617739953,142,0.5135363973727951,0.7114049586776859
hetero_gatv2,hetero_gatv2__h32__L2__d0.25__lr0.0003__hd4__shared,20260722,ok,0.6485064729806786,0.7887603305785124,0.18554332717935398,174,0.5250689393381925,0.726831955922865
hetero_gatv2,hetero_gatv2__h32__L2__d0.25__lr0.0003__hd4__shared,20260723,ok,0.6447116749124151,0.7880991735537191,0.1772556322566613,94,0.4465533693350783,0.6453994490358127
hetero_gatv2,hetero_gatv2__h32__L2__d0.25__lr0.001__hd4__shared,20260721,ok,0.6358368038107906,0.7872176308539944,0.1884999458857889,74,0.5611337337868438,0.7443526170798898
hetero_gatv2,hetero_gatv2__h32__L2__d0.25__lr0.001__hd4__shared,20260722,ok,0.6421977588039292,0.8206060606060607,0.16527871380635326,83,0.559998752584072,0.762534435261708
hetero_gatv2,hetero_gatv2__h32__L2__d0.25__lr0.001__hd4__shared,20260723,ok,0.5927551428544015,0.7880991735537191,0.17118643018634513,66,0.5221246507329789,0.7068870523415978
hetero_gatv2,hetero_gatv2__h32__L3__d0.1__lr0.0003__hd4__shared,20260721,ok,0.5867224362355,0.7676033057851239,0.1789172193827182,86,0.4996171831361282,0.6701928374655648
hetero_gatv2,hetero_gatv2__h32__L3__d0.1__lr0.0003__hd4__shared,20260722,ok,0.6236583553073369,0.7650688705234161,0.1636177324716101,197,0.5146303397067276,0.7140495867768596
hetero_gatv2,hetero_gatv2__h32__L3__d0.1__lr0.0003__hd4__shared,20260723,ok,0.6269708387880698,0.7628650137741046,0.16333814769667912,74,0.48256425534756,0.652892561983471
hetero_gatv2,hetero_gatv2__h32__L3__d0.1__lr0.001__hd4__shared,20260721,ok,0.5753398685180329,0.7324517906336088,0.2054932004332548,106,0.45294397396362684,0.6900275482093664
hetero_gatv2,hetero_gatv2__h32__L3__d0.1__lr0.001__hd4__shared,20260722,ok,0.6160332707525196,0.7716804407713499,0.16222174837683448,35,0.5238803029871358,0.7212121212121211
hetero_gatv2,hetero_gatv2__h32__L3__d0.1__lr0.001__hd4__shared,20260723,ok,0.5966687871130922,0.7785123966942149,0.17355495345506453,73,0.4579646297180501,0.6650137741046833
hetero_gatv2,hetero_gatv2__h32__L3__d0.25__lr0.0003__hd4__shared,20260721,ok,0.5976663287135239,0.754159779614325,0.18453955754178022,97,0.44991058151777874,0.656198347107438
hetero_gatv2,hetero_gatv2__h32__L3__d0.25__lr0.0003__hd4__shared,20260722,ok,0.602999237509399,0.7368595041322313,0.19424249722520376,62,0.4471730942166959,0.6167493112947658
hetero_gatv2,hetero_gatv2__h32__L3__d0.25__lr0.0003__hd4__shared,20260723,ok,0.6071006064921317,0.7801652892561983,0.18092078538584244,159,0.4876589746168129,0.6744903581267218
hetero_gatv2,hetero_gatv2__h32__L3__d0.25__lr0.001__hd4__shared,20260721,ok,0.6210433803623124,0.7782920110192838,0.1860959844688642,50,0.470486666264546,0.689586776859504
hetero_gatv2,hetero_gatv2__h32__L3__d0.25__lr0.001__hd4__shared,20260722,ok,0.6131967155871088,0.7624242424242423,0.19135795759354676,101,0.5517174410103376,0.7343250688705234
hetero_gatv2,hetero_gatv2__h32__L3__d0.25__lr0.001__hd4__shared,20260723,ok,0.6487591579157826,0.7803856749311295,0.18423634407500683,55,0.4853853017923992,0.6625895316804408
hetero_gatv2,hetero_gatv2__h32__L4__d0.1__lr0.0003__hd4__shared,20260721,ok,0.550893161939055,0.7050137741046832,0.20644019361400742,38,0.44204987385311273,0.6418732782369145
hetero_gatv2,hetero_gatv2__h32__L4__d0.1__lr0.0003__hd4__shared,20260722,ok,0.613746785010806,0.762314049586777,0.18505855059375223,69,0.4985657377306194,0.6614876033057852
hetero_gatv2,hetero_gatv2__h32__L4__d0.1__lr0.0003__hd4__shared,20260723,ok,0.5418840623283705,0.7626446280991735,0.1783558866154022,90,0.4777254542355216,0.6928925619834709
hetero_gatv2,hetero_gatv2__h32__L4__d0.1__lr0.001__hd4__shared,20260721,ok,0.5738541352231635,0.717685950413223,0.19899022230406907,40,0.4462168550204913,0.6325068870523416
hetero_gatv2,hetero_gatv2__h32__L4__d0.1__lr0.001__hd4__shared,20260722,ok,0.5861228524993193,0.7409366391184573,0.18768928040847638,83,0.51607301106128,0.6828650137741048
hetero_gatv2,hetero_gatv2__h32__L4__d0.1__lr0.001__hd4__shared,20260723,ok,0.5506186802161488,0.7249586776859505,0.21156880742332249,20,0.42782056286450876,0.5946005509641873
hetero_gatv2,hetero_gatv2__h32__L4__d0.25__lr0.0003__hd4__shared,20260721,ok,0.5201238859639075,0.7086501377410468,0.21574822639859928,50,0.38927173985344465,0.6058402203856749
hetero_gatv2,hetero_gatv2__h32__L4__d0.25__lr0.0003__hd4__shared,20260722,ok,0.5876264608622386,0.7559228650137739,0.20524485153809288,130,0.5106747107216468,0.7170247933884298
hetero_gatv2,hetero_gatv2__h32__L4__d0.25__lr0.0003__hd4__shared,20260723,ok,0.5727014721874314,0.7433608815426997,0.19753884911588943,76,0.47228413816915055,0.6319559228650138
hetero_gatv2,hetero_gatv2__h32__L4__d0.25__lr0.001__hd4__shared,20260721,ok,0.584436653564875,0.743030303030303,0.18592450771598637,47,0.5066176486478355,0.6817630853994491
hetero_gatv2,hetero_gatv2__h32__L4__d0.25__lr0.001__hd4__shared,20260722,ok,0.6058822610282845,0.7830303030303031,0.17942487705784638,198,0.5218760339423022,0.7071074380165288
hetero_gatv2,hetero_gatv2__h32__L4__d0.25__lr0.001__hd4__shared,20260723,ok,0.6519276430568637,0.7752066115702478,0.18012195254270819,67,0.5287995190527025,0.705564738292011
hetero_gatv2,hetero_gatv2__h64__L2__d0.1__lr0.0003__hd4__shared,20260721,ok,0.6098890483514515,0.7571349862258954,0.18087307965154809,59,0.4861947127842339,0.6829752066115702
hetero_gatv2,hetero_gatv2__h64__L2__d0.1__lr0.0003__hd4__shared,20260722,ok,0.6073273271503556,0.7765289256198347,0.16591742685270863,60,0.4963756393393589,0.6718457300275482
hetero_gatv2,hetero_gatv2__h64__L2__d0.1__lr0.0003__hd4__shared,20260723,ok,0.5846094718086621,0.751404958677686,0.16837188246487278,37,0.4908991390254251,0.6566391184573003
hetero_gatv2,hetero_gatv2__h64__L2__d0.1__lr0.001__hd4__shared,20260721,ok,0.6548519990643696,0.7823691460055097,0.1673836306018123,27,0.49572912980236045,0.7058953168044076
hetero_gatv2,hetero_gatv2__h64__L2__d0.1__lr0.001__hd4__shared,20260722,ok,0.6047945978714158,0.7722314049586778,0.17112190016470522,23,0.43975292006653666,0.6729476584022039
hetero_gatv2,hetero_gatv2__h64__L2__d0.1__lr0.001__hd4__shared,20260723,ok,0.600996816848079,0.7522865013774105,0.17962048570080058,8,0.44214548509116025,0.6310743801652893
hetero_gatv2,hetero_gatv2__h64__L2__d0.25__lr0.0003__hd4__shared,20260721,ok,0.6050676427921284,0.7608815426997245,0.20693079716229734,44,0.45884858456701755,0.6671074380165288
hetero_gatv2,hetero_gatv2__h64__L2__d0.25__lr0.0003__hd4__shared,20260722,ok,0.6547162729654838,0.7894214876033058,0.1844323761509309,187,0.547386196088145,0.731900826446281
hetero_gatv2,hetero_gatv2__h64__L2__d0.25__lr0.0003__hd4__shared,20260723,ok,0.6149896027844932,0.7594490358126722,0.19227864926365335,39,0.47785307737240684,0.6538842975206611
hetero_gatv2,hetero_gatv2__h64__L2__d0.25__lr0.001__hd4__shared,20260721,ok,0.625692653072139,0.7984573002754821,0.17554840256075827,84,0.535793590867046,0.7397245179063362
hetero_gatv2,hetero_gatv2__h64__L2__d0.25__lr0.001__hd4__shared,20260722,ok,0.656451771729302,0.788870523415978,0.17702756546182766,64,0.5567955743176443,0.7406060606060605
hetero_gatv2,hetero_gatv2__h64__L2__d0.25__lr0.001__hd4__shared,20260723,ok,0.6357431487942715,0.7936088154269973,0.17813139232121508,62,0.5175376187405046,0.6992837465564739
hetero_gatv2,hetero_gatv2__h64__L3__d0.1__lr0.0003__hd4__shared,20260721,ok,0.5987698316152705,0.7569146005509642,0.17684357605996406,56,0.4884353143778243,0.6682093663911847
hetero_gatv2,hetero_gatv2__h64__L3__d0.1__lr0.0003__hd4__shared,20260722,ok,0.6255593975859686,0.7629752066115703,0.16798404086892313,100,0.5020527400568391,0.7021487603305784
hetero_gatv2,hetero_gatv2__h64__L3__d0.1__lr0.0003__hd4__shared,20260723,ok,0.5732477374339231,0.7355371900826446,0.18903990800597278,26,0.43995772280654843,0.6071625344352617
hetero_gatv2,hetero_gatv2__h64__L3__d0.1__lr0.001__hd4__shared,20260721,ok,0.5975964673056916,0.7620936639118456,0.18055445787821353,14,0.4171994462137653,0.6482644628099173
hetero_gatv2,hetero_gatv2__h64__L3__d0.1__lr0.001__hd4__shared,20260722,ok,0.5768319075323534,0.7415977961432507,0.18743766063382833,15,0.4722670551998006,0.6360330578512396
hetero_gatv2,hetero_gatv2__h64__L3__d0.1__lr0.001__hd4__shared,20260723,ok,0.5899385048445959,0.7522865013774105,0.1796913349685933,23,0.4767169518501858,0.6654545454545454
hetero_gatv2,hetero_gatv2__h64__L3__d0.25__lr0.0003__hd4__shared,20260721,ok,0.5951340619970447,0.762534435261708,0.1810311749157131,159,0.5549200966660306,0.7599999999999999
hetero_gatv2,hetero_gatv2__h64__L3__d0.25__lr0.0003__hd4__shared,20260722,ok,0.600860023242519,0.7619834710743801,0.19383668197921272,70,0.5052254187587943,0.6405509641873278
hetero_gatv2,hetero_gatv2__h64__L3__d0.25__lr0.0003__hd4__shared,20260723,ok,0.62961504183974,0.7682644628099173,0.18722862218140093,78,0.49359064076525205,0.6694214876033057
hetero_gatv2,hetero_gatv2__h64__L3__d0.25__lr0.001__hd4__shared,20260721,ok,0.6072247177026654,0.766060606060606,0.18858719057247103,29,0.48222143902044023,0.6694214876033058
hetero_gatv2,hetero_gatv2__h64__L3__d0.25__lr0.001__hd4__shared,20260722,ok,0.6365854801604987,0.7662809917355371,0.1613370722409721,67,0.49032532028326636,0.6804407713498623
hetero_gatv2,hetero_gatv2__h64__L3__d0.25__lr0.001__hd4__shared,20260723,ok,0.5824488325437243,0.7525068870523417,0.2310811631411364,24,0.4286917577519566,0.6573002754820937
hetero_gatv2,hetero_gatv2__h64__L4__d0.1__lr0.0003__hd4__shared,20260721,ok,0.5864449173446301,0.7371900826446282,0.18077432833524937,68,0.48268282214081726,0.6536639118457299
hetero_gatv2,hetero_gatv2__h64__L4__d0.1__lr0.0003__hd4__shared,20260722,ok,0.5908618796168732,0.7467768595041323,0.19322567341374872,86,0.4792664038939081,0.6803305785123968
hetero_gatv2,hetero_gatv2__h64__L4__d0.1__lr0.0003__hd4__shared,20260723,ok,0.561554936243472,0.7347658402203857,0.18496258950020691,128,0.4070585238999583,0.6601652892561984
hetero_gatv2,hetero_gatv2__h64__L4__d0.1__lr0.001__hd4__shared,20260721,ok,0.5687678496603088,0.7278236914600551,0.1983327243665133,23,0.470790380550541,0.6510192837465565
hetero_gatv2,hetero_gatv2__h64__L4__d0.1__lr0.001__hd4__shared,20260722,ok,0.5644818524396409,0.7468870523415977,0.19744618596379707,26,0.47001779362768625,0.6645730027548209
hetero_gatv2,hetero_gatv2__h64__L4__d0.1__lr0.001__hd4__shared,20260723,ok,0.5976141115517125,0.7411570247933884,0.17127069430888475,38,0.464583738313841,0.6467217630853995
hetero_gatv2,hetero_gatv2__h64__L4__d0.25__lr0.0003__hd4__shared,20260721,ok,0.5833067145084685,0.7577961432506887,0.19175042093951328,108,0.5049821198351832,0.6907988980716252
hetero_gatv2,hetero_gatv2__h64__L4__d0.25__lr0.0003__hd4__shared,20260722,ok,0.5973378959263115,0.7641873278236915,0.19442371732922062,89,0.4924692935346937,0.6747107438016529
hetero_gatv2,hetero_gatv2__h64__L4__d0.25__lr0.0003__hd4__shared,20260723,ok,0.6018050853072784,0.7430303030303029,0.18243928405019696,109,0.4930383790596189,0.7034710743801653
hetero_gatv2,hetero_gatv2__h64__L4__d0.25__lr0.001__hd4__shared,20260721,ok,0.6292794725926798,0.7565840220385676,0.19334204322645335,47,0.5104638882121333,0.6758126721763086
hetero_gatv2,hetero_gatv2__h64__L4__d0.25__lr0.001__hd4__shared,20260722,ok,0.6246659479669531,0.7839118457300276,0.17488085535332581,35,0.4953170634723782,0.6737190082644628
hetero_gatv2,hetero_gatv2__h64__L4__d0.25__lr0.001__hd4__shared,20260723,ok,0.5864583541900383,0.7560330578512398,0.18553248808830092,37,0.524463329604419,0.7008264462809917
hetero_sage_matched,hetero_sage_matched__h32__L2__d0.1__lr0.0003__shared,20260721,ok,0.6029029893451554,0.756694214876033,0.1587269773045045,114,0.5588493199116998,0.7614325068870523
hetero_sage_matched,hetero_sage_matched__h32__L2__d0.1__lr0.0003__shared,20260722,ok,0.6058157121052744,0.7838016528925621,0.17074669042322,108,0.5657552631847864,0.7400550964187328
hetero_sage_matched,hetero_sage_matched__h32__L2__d0.1__lr0.0003__shared,20260723,ok,0.6159532027592862,0.7948209366391185,0.16634334681049706,36,0.44457845132232066,0.6744903581267218
hetero_sage_matched,hetero_sage_matched__h32__L2__d0.1__lr0.001__shared,20260721,ok,0.6389085780750492,0.7622038567493112,0.17911273842797193,32,0.5116651106407748,0.7196694214876033
hetero_sage_matched,hetero_sage_matched__h32__L2__d0.1__lr0.001__shared,20260722,ok,0.6134225861987554,0.7804958677685951,0.16678251428668647,29,0.5882160920059993,0.7379614325068871
hetero_sage_matched,hetero_sage_matched__h32__L2__d0.1__lr0.001__shared,20260723,ok,0.6517028804510937,0.7994490358126722,0.16388068371245082,63,0.5979680713413467,0.7529476584022039
hetero_sage_matched,hetero_sage_matched__h32__L2__d0.25__lr0.0003__shared,20260721,ok,0.6545701395934792,0.8083746556473829,0.15009016009447482,94,0.48177375232685193,0.7225344352617079
hetero_sage_matched,hetero_sage_matched__h32__L2__d0.25__lr0.0003__shared,20260722,ok,0.6703307602574125,0.8090358126721764,0.14606872348287378,160,0.5206758883351086,0.7039118457300275
hetero_sage_matched,hetero_sage_matched__h32__L2__d0.25__lr0.0003__shared,20260723,ok,0.6865285084709492,0.7948209366391185,0.16253308156426613,116,0.5344065694985857,0.6968595041322313
hetero_sage_matched,hetero_sage_matched__h32__L2__d0.25__lr0.001__shared,20260721,ok,0.6804986814330805,0.8089256198347108,0.1635222627228729,75,0.5541150059220799,0.7452341597796144
hetero_sage_matched,hetero_sage_matched__h32__L2__d0.25__lr0.001__shared,20260722,ok,0.5829443023996139,0.7659504132231405,0.1797128768527404,45,0.5338112603651834,0.7137190082644628
hetero_sage_matched,hetero_sage_matched__h32__L2__d0.25__lr0.001__shared,20260723,ok,0.6821758198457389,0.8017630853994491,0.15495346566514057,61,0.5512502976450474,0.7453443526170799
hetero_sage_matched,hetero_sage_matched__h32__L3__d0.1__lr0.0003__shared,20260721,ok,0.5626783411633954,0.7584573002754821,0.17886847445087872,54,0.489851338745679,0.7151515151515152
hetero_sage_matched,hetero_sage_matched__h32__L3__d0.1__lr0.0003__shared,20260722,ok,0.5728432904849481,0.7056749311294765,0.1921536922109623,95,0.475708032319929,0.6842975206611569
hetero_sage_matched,hetero_sage_matched__h32__L3__d0.1__lr0.0003__shared,20260723,ok,0.5935884276431436,0.7652892561983471,0.1632344175341996,62,0.4932080545612134,0.7001652892561984
hetero_sage_matched,hetero_sage_matched__h32__L3__d0.1__lr0.001__shared,20260721,ok,0.5775781400724032,0.7745454545454546,0.1722385844547553,25,0.5179090858379172,0.7137190082644629
hetero_sage_matched,hetero_sage_matched__h32__L3__d0.1__lr0.001__shared,20260722,ok,0.5851425487450204,0.7436914600550965,0.20134796670826816,110,0.48460326583871716,0.7163636363636363
hetero_sage_matched,hetero_sage_matched__h32__L3__d0.1__lr0.001__shared,20260723,ok,0.6204616681163792,0.7854545454545453,0.1637498055706499,14,0.495280606883886,0.6873829201101929
hetero_sage_matched,hetero_sage_matched__h32__L3__d0.25__lr0.0003__shared,20260721,ok,0.627418008537418,0.7705785123966943,0.18679319668309577,37,0.49737810471030974,0.6353719008264463
hetero_sage_matched,hetero_sage_matched__h32__L3__d0.25__lr0.0003__shared,20260722,ok,0.6437985502969868,0.7853443526170798,0.19374826630785344,106,0.5271475020854729,0.713939393939394
hetero_sage_matched,hetero_sage_matched__h32__L3__d0.25__lr0.0003__shared,20260723,ok,0.5951566392975008,0.7715702479338843,0.18000191156921375,53,0.4947371781333228,0.7214325068870524
hetero_sage_matched,hetero_sage_matched__h32__L3__d0.25__lr0.001__shared,20260721,ok,0.622575922980919,0.7723415977961433,0.17901259777665296,36,0.4810266336744272,0.6955371900826447
hetero_sage_matched,hetero_sage_matched__h32__L3__d0.25__lr0.001__shared,20260722,ok,0.6101448514262442,0.7511845730027549,0.19690893796322706,14,0.4552593400967053,0.6424242424242425
hetero_sage_matched,hetero_sage_matched__h32__L3__d0.25__lr0.001__shared,20260723,ok,0.597908923436681,0.7710192837465565,0.18652800237657688,38,0.5339743607671734,0.7108539944903581
hetero_sage_matched,hetero_sage_matched__h32__L4__d0.1__lr0.0003__shared,20260721,ok,0.6170377678360126,0.7678236914600551,0.17588112079817672,53,0.47545811339576177,0.66633608815427
hetero_sage_matched,hetero_sage_matched__h32__L4__d0.1__lr0.0003__shared,20260722,ok,0.5626932960933829,0.7457851239669422,0.18342670554009766,30,0.4843361751085822,0.6473829201101928
hetero_sage_matched,hetero_sage_matched__h32__L4__d0.1__lr0.0003__shared,20260723,ok,0.5865047383933013,0.7460055096418734,0.18450122269441815,26,0.40438473121256213,0.6163085399449035
hetero_sage_matched,hetero_sage_matched__h32__L4__d0.1__lr0.001__shared,20260721,ok,0.5741775374242324,0.723526170798898,0.1901979068127327,39,0.49571003409866676,0.6953168044077135
hetero_sage_matched,hetero_sage_matched__h32__L4__d0.1__lr0.001__shared,20260722,ok,0.5409063596592404,0.7463360881542699,0.19190953440150332,18,0.5000889512320584,0.6830853994490358
hetero_sage_matched,hetero_sage_matched__h32__L4__d0.1__lr0.001__shared,20260723,ok,0.58781448587305,0.7630853994490358,0.17908324561899766,26,0.4937632449654151,0.7152617079889806
hetero_sage_matched,hetero_sage_matched__h32__L4__d0.25__lr0.0003__shared,20260721,ok,0.5890665290710619,0.7656198347107439,0.17408250616259563,89,0.5238375542361726,0.713388429752066
hetero_sage_matched,hetero_sage_matched__h32__L4__d0.25__lr0.0003__shared,20260722,ok,0.5800179692087442,0.7499724517906337,0.1929551407109304,183,0.47710327221076476,0.707107438016529
hetero_sage_matched,hetero_sage_matched__h32__L4__d0.25__lr0.0003__shared,20260723,ok,0.5647581340848926,0.7521763085399449,0.18495954317108676,33,0.4244907889710339,0.6300826446280992
hetero_sage_matched,hetero_sage_matched__h32__L4__d0.25__lr0.001__shared,20260721,ok,0.6078865751309928,0.7753168044077136,0.17787242256880156,38,0.4368780760098315,0.6769146005509642
hetero_sage_matched,hetero_sage_matched__h32__L4__d0.25__lr0.001__shared,20260722,ok,0.5824119720021635,0.7641873278236914,0.1779221197180809,29,0.4477479903428122,0.6325068870523416
hetero_sage_matched,hetero_sage_matched__h32__L4__d0.25__lr0.001__shared,20260723,ok,0.6029824945833933,0.7647382920110193,0.197586220468654,71,0.5121324111501133,0.7056749311294765
hetero_sage_matched,hetero_sage_matched__h64__L2__d0.1__lr0.0003__shared,20260721,ok,0.6182527744937286,0.7996694214876033,0.16536418383255116,34,0.4958707144486667,0.7150413223140496
hetero_sage_matched,hetero_sage_matched__h64__L2__d0.1__lr0.0003__shared,20260722,ok,0.6400910470505861,0.7764187327823692,0.16221318083329725,94,0.5055978031526548,0.6880440771349863
hetero_sage_matched,hetero_sage_matched__h64__L2__d0.1__lr0.0003__shared,20260723,ok,0.6121871439882484,0.7807162534435262,0.17383853143809888,21,0.44981706860044884,0.6642424242424243
hetero_sage_matched,hetero_sage_matched__h64__L2__d0.1__lr0.001__shared,20260721,ok,0.6031899896215934,0.7785123966942148,0.18378699738576013,13,0.4710690349080682,0.6590633608815427
hetero_sage_matched,hetero_sage_matched__h64__L2__d0.1__lr0.001__shared,20260722,ok,0.6042530280611835,0.7738842975206611,0.16992889822926638,9,0.474220903793263,0.662809917355372
hetero_sage_matched,hetero_sage_matched__h64__L2__d0.1__lr0.001__shared,20260723,ok,0.6108453870327271,0.7877685950413224,0.1590350909515352,12,0.4490705912472368,0.6686501377410469
hetero_sage_matched,hetero_sage_matched__h64__L2__d0.25__lr0.0003__shared,20260721,ok,0.6370599277114456,0.8053994490358127,0.16766209770911442,30,0.4991752170857466,0.6812121212121212
hetero_sage_matched,hetero_sage_matched__h64__L2__d0.25__lr0.0003__shared,20260722,ok,0.6239299283438305,0.7672727272727273,0.18253948276122384,21,0.47002790607857103,0.6393388429752067
hetero_sage_matched,hetero_sage_matched__h64__L2__d0.25__lr0.0003__shared,20260723,ok,0.5594917921487257,0.7698071625344353,0.17353886706776023,67,0.503200935506941,0.6971900826446281
hetero_sage_matched,hetero_sage_matched__h64__L2__d0.25__lr0.001__shared,20260721,ok,0.6101229109817847,0.7763085399449036,0.16815303339176071,20,0.5298099366200801,0.70633608815427
hetero_sage_matched,hetero_sage_matched__h64__L2__d0.25__lr0.001__shared,20260722,ok,0.6256847013831588,0.790633608815427,0.17188246200698468,28,0.5339460064136295,0.7122865013774105
hetero_sage_matched,hetero_sage_matched__h64__L2__d0.25__lr0.001__shared,20260723,ok,0.6134407487716308,0.8113498622589531,0.16494272449170522,31,0.4967639026157639,0.716694214876033
hetero_sage_matched,hetero_sage_matched__h64__L3__d0.1__lr0.0003__shared,20260721,ok,0.588318426430832,0.7543801652892561,0.16786925821017973,42,0.4901008722871414,0.6785674931129477
hetero_sage_matched,hetero_sage_matched__h64__L3__d0.1__lr0.0003__shared,20260722,ok,0.6170986090424202,0.7649586776859503,0.15958961235302477,37,0.49994169861222953,0.6954269972451791
hetero_sage_matched,hetero_sage_matched__h64__L3__d0.1__lr0.0003__shared,20260723,ok,0.5938481308799981,0.7584573002754821,0.18294523730968118,20,0.5042234540206799,0.677245179063361
hetero_sage_matched,hetero_sage_matched__h64__L3__d0.1__lr0.001__shared,20260721,ok,0.6002368475545432,0.7607713498622588,0.17997991662854873,20,0.5132115703133605,0.7149311294765841
hetero_sage_matched,hetero_sage_matched__h64__L3__d0.1__lr0.001__shared,20260722,ok,0.6016732634722926,0.7694765840220386,0.17185041271346513,7,0.37043256266072555,0.6268870523415978
hetero_sage_matched,hetero_sage_matched__h64__L3__d0.1__lr0.001__shared,20260723,ok,0.6121039768825899,0.7577961432506886,0.18141622025157017,6,0.4365407762475425,0.6312947658402204
hetero_sage_matched,hetero_sage_matched__h64__L3__d0.25__lr0.0003__shared,20260721,ok,0.6355972780188134,0.7658402203856749,0.1834034375305629,25,0.4499230077653785,0.646831955922865
hetero_sage_matched,hetero_sage_matched__h64__L3__d0.25__lr0.0003__shared,20260722,ok,0.5824585961185332,0.7704683195592286,0.19235535876194412,119,0.5095924969143559,0.7205509641873279
hetero_sage_matched,hetero_sage_matched__h64__L3__d0.25__lr0.0003__shared,20260723,ok,0.5959610138638755,0.7636363636363637,0.1680520296561642,46,0.4793042013546084,0.6613774104683195
hetero_sage_matched,hetero_sage_matched__h64__L3__d0.25__lr0.001__shared,20260721,ok,0.6084257985523285,0.7800550964187328,0.17499054209659654,23,0.47339424250474726,0.703030303030303
hetero_sage_matched,hetero_sage_matched__h64__L3__d0.25__lr0.001__shared,20260722,ok,0.5520771532834458,0.725068870523416,0.2173976511640187,3,0.391062441174603,0.6148760330578512
hetero_sage_matched,hetero_sage_matched__h64__L3__d0.25__lr0.001__shared,20260723,ok,0.614623434243719,0.7717906336088154,0.18539230706999155,25,0.5229394112763017,0.7065564738292011
hetero_sage_matched,hetero_sage_matched__h64__L4__d0.1__lr0.0003__shared,20260721,ok,0.6296722471683583,0.7674931129476584,0.18021672244922424,33,0.43181898862272794,0.6499173553719008
hetero_sage_matched,hetero_sage_matched__h64__L4__d0.1__lr0.0003__shared,20260722,ok,0.602110222491546,0.7500826446280993,0.17106893122649858,32,0.4994705700267793,0.6712947658402203
hetero_sage_matched,hetero_sage_matched__h64__L4__d0.1__lr0.0003__shared,20260723,ok,0.6101003284343608,0.7677134986225894,0.17294252121872428,38,0.5228992166397243,0.7085399449035812
hetero_sage_matched,hetero_sage_matched__h64__L4__d0.1__lr0.001__shared,20260721,ok,0.5806583325637706,0.7532782369146004,0.1806873981977631,14,0.4902332256838361,0.6568595041322313
hetero_sage_matched,hetero_sage_matched__h64__L4__d0.1__lr0.001__shared,20260722,ok,0.5786841187742768,0.7753168044077134,0.169420786464527,19,0.5217001840579452,0.7131680440771351
hetero_sage_matched,hetero_sage_matched__h64__L4__d0.1__lr0.001__shared,20260723,ok,0.5452666928615637,0.7512947658402204,0.20019887353545282,5,0.42720585076039913,0.6059504132231405
hetero_sage_matched,hetero_sage_matched__h64__L4__d0.25__lr0.0003__shared,20260721,ok,0.5449291484228942,0.7292561983471074,0.21952613580317562,10,0.41895729847487584,0.6175206611570248
hetero_sage_matched,hetero_sage_matched__h64__L4__d0.25__lr0.0003__shared,20260722,ok,0.5893928130745605,0.7548209366391184,0.17342179522830756,56,0.49446505026329113,0.6790082644628099
hetero_sage_matched,hetero_sage_matched__h64__L4__d0.25__lr0.0003__shared,20260723,ok,0.6062466565717359,0.7789531680440772,0.158680760442358,56,0.49626459204124207,0.657190082644628
hetero_sage_matched,hetero_sage_matched__h64__L4__d0.25__lr0.001__shared,20260721,ok,0.5832731814833316,0.7601101928374655,0.19402994148815444,42,0.5186102995399027,0.6957575757575758
hetero_sage_matched,hetero_sage_matched__h64__L4__d0.25__lr0.001__shared,20260722,ok,0.5588174355618426,0.7665013774104684,0.19254854921594322,20,0.4521221429019423,0.6665564738292011
hetero_sage_matched,hetero_sage_matched__h64__L4__d0.25__lr0.001__shared,20260723,ok,0.6390810404399866,0.7798347107438016,0.17960759815244703,23,0.47239113341513633,0.6662258953168043
hgt,hgt__h32__L2__d0.1__lr0.0003__hd4__shared,20260721,ok,0.6974693876645067,0.8535537190082645,0.14703372740652054,136,0.5872242867895522,0.7672727272727272
hgt,hgt__h32__L2__d0.1__lr0.0003__hd4__shared,20260722,ok,0.7452254378440211,0.8647933884297521,0.141312298517933,163,0.5586775978094334,0.7715702479338844
hgt,hgt__h32__L2__d0.1__lr0.0003__hd4__shared,20260723,ok,0.7331132248324638,0.8666666666666667,0.14145301290624337,127,0.5828264230056085,0.7715702479338843
hgt,hgt__h32__L2__d0.1__lr0.001__hd4__shared,20260721,ok,0.7155506241073367,0.8539944903581267,0.1499667245273011,61,0.5745920839104417,0.7608815426997246
hgt,hgt__h32__L2__d0.1__lr0.001__hd4__shared,20260722,ok,0.7298051023280641,0.8538842975206611,0.13554689182393173,77,0.5583694216063443,0.7617630853994491
hgt,hgt__h32__L2__d0.1__lr0.001__hd4__shared,20260723,ok,0.7293185125599724,0.8631404958677686,0.1367865843511341,65,0.5691425800320328,0.7657300275482093
hgt,hgt__h32__L2__d0.25__lr0.0003__hd4__shared,20260721,ok,0.6948325736882536,0.8482644628099174,0.15199816777256325,197,0.5694449706776119,0.7646280991735537
hgt,hgt__h32__L2__d0.25__lr0.0003__hd4__shared,20260722,ok,0.6458214495915362,0.7237465564738292,0.23264653771296792,3,0.3627871348808349,0.5774104683195592
hgt,hgt__h32__L2__d0.25__lr0.0003__hd4__shared,20260723,ok,0.7322039536008428,0.870633608815427,0.1391155148700407,185,0.5936137680208646,0.7721212121212122
hgt,hgt__h32__L2__d0.25__lr0.001__hd4__shared,20260721,ok,0.722285728426401,0.850358126721763,0.1445905647116012,100,0.5376627032027086,0.7471074380165289
hgt,hgt__h32__L2__d0.25__lr0.001__hd4__shared,20260722,ok,0.7392114882097963,0.8602754820936639,0.14691695678333352,123,0.5565343608381925,0.7631955922865015
hgt,hgt__h32__L2__d0.25__lr0.001__hd4__shared,20260723,ok,0.7248771782882447,0.8610468319559229,0.1436565799565452,97,0.5696549020589714,0.7637465564738292
hgt,hgt__h32__L3__d0.1__lr0.0003__hd4__shared,20260721,ok,0.7271927459383757,0.8531129476584022,0.15593514627567742,113,0.5714930869725188,0.7558126721763085
hgt,hgt__h32__L3__d0.1__lr0.0003__hd4__shared,20260722,ok,0.6756066252912112,0.8362534435261708,0.15956019957455886,81,0.5917606620548301,0.7573553719008264
hgt,hgt__h32__L3__d0.1__lr0.0003__hd4__shared,20260723,ok,0.7042219647449556,0.8495867768595041,0.1498998761624118,129,0.5780172182160059,0.7647382920110193
hgt,hgt__h32__L3__d0.1__lr0.001__hd4__shared,20260721,ok,0.7093056174701406,0.8425344352617081,0.15544380488553658,54,0.5737374163922749,0.7570247933884297
hgt,hgt__h32__L3__d0.1__lr0.001__hd4__shared,20260722,ok,0.6930728558749196,0.8222589531680442,0.15097982098284088,84,0.5823979243624409,0.7617630853994489
hgt,hgt__h32__L3__d0.1__lr0.001__hd4__shared,20260723,ok,0.696980966994377,0.8466115702479339,0.14503722394036933,61,0.5829314818406607,0.7712396694214876
hgt,hgt__h32__L3__d0.25__lr0.0003__hd4__shared,20260721,ok,0.7080475897315244,0.8517906336088154,0.15041332804568025,198,0.5920091365354477,0.7649586776859505
hgt,hgt__h32__L3__d0.25__lr0.0003__hd4__shared,20260722,ok,0.6798719839041756,0.8437465564738292,0.16250526931292475,83,0.56837087453848,0.7484297520661156
hgt,hgt__h32__L3__d0.25__lr0.0003__hd4__shared,20260723,ok,0.7089923703218,0.8577410468319558,0.14580954340105481,200,0.5874759383638347,0.7737741046831955
hgt,hgt__h32__L3__d0.25__lr0.001__hd4__shared,20260721,ok,0.7132630268162125,0.8520110192837465,0.15321097676767875,81,0.5622053623731786,0.7593388429752066
hgt,hgt__h32__L3__d0.25__lr0.001__hd4__shared,20260722,ok,0.676583596911972,0.8504683195592286,0.15661235100235343,38,0.5896118739459857,0.7620936639118457
hgt,hgt__h32__L3__d0.25__lr0.001__hd4__shared,20260723,ok,0.7004296160465304,0.8535537190082645,0.15059369996720617,35,0.5327924437283276,0.7446831955922865
hgt,hgt__h32__L4__d0.1__lr0.0003__hd4__shared,20260721,ok,0.7051074440825595,0.8511294765840219,0.14411932208197425,107,0.5893627205901895,0.7652892561983471
hgt,hgt__h32__L4__d0.1__lr0.0003__hd4__shared,20260722,ok,0.7430094681259656,0.8740495867768594,0.13177908168804994,119,0.5612984061445945,0.7653994490358127
hgt,hgt__h32__L4__d0.1__lr0.0003__hd4__shared,20260723,ok,0.6872329822978591,0.850358126721763,0.15206488842335206,116,0.5776023459602756,0.7700275482093664
hgt,hgt__h32__L4__d0.1__lr0.001__hd4__shared,20260721,ok,0.7342505107230547,0.8568595041322312,0.1444118174329849,48,0.5560513430373917,0.757465564738292
hgt,hgt__h32__L4__d0.1__lr0.001__hd4__shared,20260722,ok,0.7384025175034754,0.870853994490358,0.14094892401946565,45,0.5806595737465445,0.7608815426997246
hgt,hgt__h32__L4__d0.1__lr0.001__hd4__shared,20260723,ok,0.6783560047103182,0.8491460055096419,0.15879609074050188,56,0.5890275214568503,0.7773002754820936
hgt,hgt__h32__L4__d0.25__lr0.0003__hd4__shared,20260721,ok,0.7332496563369046,0.8679889807162534,0.1391959141732291,197,0.5730225106721629,0.7667217630853994
hgt,hgt__h32__L4__d0.25__lr0.0003__hd4__shared,20260722,ok,0.7446756656185793,0.8671074380165289,0.14702276243610402,170,0.5591102288865688,0.7591184573002755
hgt,hgt__h32__L4__d0.25__lr0.0003__hd4__shared,20260723,ok,0.6630090060845502,0.8405509641873278,0.16156486944364487,150,0.5898241320384585,0.7717906336088155
hgt,hgt__h32__L4__d0.25__lr0.001__hd4__shared,20260721,ok,0.7531467654013818,0.874931129476584,0.1335672805995439,87,0.5455459657716969,0.7631955922865014
hgt,hgt__h32__L4__d0.25__lr0.001__hd4__shared,20260722,ok,0.7366523235775978,0.8642424242424243,0.14277989222061002,80,0.5537684528703866,0.7554820936639118
hgt,hgt__h32__L4__d0.25__lr0.001__hd4__shared,20260723,ok,0.6888401383250478,0.842534435261708,0.15709322235561726,94,0.5610995798565273,0.7586776859504132
hgt,hgt__h64__L2__d0.1__lr0.0003__hd4__shared,20260721,ok,0.6994218919995435,0.8527823691460056,0.14847128546983313,90,0.5672657468983987,0.7593388429752066
hgt,hgt__h64__L2__d0.1__lr0.0003__hd4__shared,20260722,ok,0.7038955994274332,0.8463911845730027,0.14283562259739474,85,0.5686984378868977,0.7609917355371901
hgt,hgt__h64__L2__d0.1__lr0.0003__hd4__shared,20260723,ok,0.7240721249164171,0.8598347107438017,0.1448224889981504,93,0.5541141540178829,0.7568044077134986
hgt,hgt__h64__L2__d0.1__lr0.001__hd4__shared,20260721,ok,0.7017401884685194,0.854435261707989,0.1394827725533489,46,0.556190745247575,0.7565840220385674
hgt,hgt__h64__L2__d0.1__lr0.001__hd4__shared,20260722,ok,0.6999055750365641,0.8466115702479339,0.14674883128040234,37,0.564628808426227,0.7603305785123966
hgt,hgt__h64__L2__d0.1__lr0.001__hd4__shared,20260723,ok,0.7164512774868219,0.8523415977961433,0.1550057058403821,32,0.5616993510579376,0.7518457300275482
hgt,hgt__h64__L2__d0.25__lr0.0003__hd4__shared,20260721,ok,0.7122651751801712,0.8565289256198346,0.1477858000047889,140,0.5593586118843077,0.752396694214876
hgt,hgt__h64__L2__d0.25__lr0.0003__hd4__shared,20260722,ok,0.7266102570190903,0.8492561983471074,0.14832978657809645,139,0.5523086989403206,0.7479889807162534
hgt,hgt__h64__L2__d0.25__lr0.0003__hd4__shared,20260723,ok,0.7202739105101753,0.8560881542699724,0.16077586162030227,113,0.550539975810055,0.7596694214876032
hgt,hgt__h64__L2__d0.25__lr0.001__hd4__shared,20260721,ok,0.710140931017962,0.8600550964187329,0.15438817106244804,52,0.574231454692544,0.7689256198347107
hgt,hgt__h64__L2__d0.25__lr0.001__hd4__shared,20260722,ok,0.7023758720766853,0.8223691460055096,0.1521847720835609,66,0.5270675452568606,0.7353168044077135
hgt,hgt__h64__L2__d0.25__lr0.001__hd4__shared,20260723,ok,0.7116985481674759,0.85168044077135,0.15300608160045123,41,0.5540945489791852,0.7563636363636362
hgt,hgt__h64__L3__d0.1__lr0.0003__hd4__shared,20260721,ok,0.7022586829815748,0.8569696969696969,0.15396821211394413,74,0.5751144389640294,0.7656198347107437
hgt,hgt__h64__L3__d0.1__lr0.0003__hd4__shared,20260722,ok,0.7168400360237089,0.8631404958677686,0.1373662873706849,90,0.5476247991278926,0.7593388429752066
hgt,hgt__h64__L3__d0.1__lr0.0003__hd4__shared,20260723,ok,0.715902125336158,0.8588429752066116,0.14780379393432896,91,0.567511014271908,0.7644077134986226
hgt,hgt__h64__L3__d0.1__lr0.001__hd4__shared,20260721,ok,0.6858276567224704,0.8396694214876033,0.15631115348479438,39,0.5572024261751863,0.7585674931129476
hgt,hgt__h64__L3__d0.1__lr0.001__hd4__shared,20260722,ok,0.7064597554586378,0.8621487603305786,0.13871043373615874,44,0.5492910346012834,0.7687052341597795
hgt,hgt__h64__L3__d0.1__lr0.001__hd4__shared,20260723,ok,0.7083846690221183,0.8617079889807162,0.13983321538336208,42,0.5822699974805242,0.7785123966942148
hgt,hgt__h64__L3__d0.25__lr0.0003__hd4__shared,20260721,ok,0.7114539790247493,0.855426997245179,0.1480262951013803,132,0.5625254040868582,0.7630853994490359
hgt,hgt__h64__L3__d0.25__lr0.0003__hd4__shared,20260722,ok,0.723901030592139,0.858512396694215,0.14867235829736938,122,0.5559641533113483,0.7635261707988981
hgt,hgt__h64__L3__d0.25__lr0.0003__hd4__shared,20260723,ok,0.7195702494903148,0.8593939393939394,0.14829820030480692,135,0.5719010500700786,0.7775206611570249
hgt,hgt__h64__L3__d0.25__lr0.001__hd4__shared,20260721,ok,0.7030849918836117,0.8470523415977962,0.15254566981816964,54,0.5690540917639011,0.7640771349862259
hgt,hgt__h64__L3__d0.25__lr0.001__hd4__shared,20260722,ok,0.7126820099846202,0.8561983471074379,0.15045882842003677,61,0.5492509069330336,0.7555922865013773
hgt,hgt__h64__L3__d0.25__lr0.001__hd4__shared,20260723,ok,0.6991173076545528,0.8563085399449036,0.15437182797650847,49,0.5771539590826026,0.770137741046832
hgt,hgt__h64__L4__d0.1__lr0.0003__hd4__shared,20260721,ok,0.6916779796677218,0.8478236914600551,0.14471628099318043,88,0.5654943344692607,0.7528374655647383
hgt,hgt__h64__L4__d0.1__lr0.0003__hd4__shared,20260722,ok,0.7100111341503,0.855426997245179,0.1403689109274007,93,0.5663171422128761,0.7579063360881542
hgt,hgt__h64__L4__d0.1__lr0.0003__hd4__shared,20260723,ok,0.6996542897273732,0.8478236914600551,0.15183400758424376,80,0.5601573334318399,0.7546005509641873
hgt,hgt__h64__L4__d0.1__lr0.001__hd4__shared,20260721,ok,0.7053909239273926,0.850909090909091,0.14651818509727213,39,0.5631266698623398,0.7525068870523416
hgt,hgt__h64__L4__d0.1__lr0.001__hd4__shared,20260722,ok,0.6954565973582539,0.847603305785124,0.15746498597575986,36,0.5873309005836439,0.7681542699724517
hgt,hgt__h64__L4__d0.1__lr0.001__hd4__shared,20260723,ok,0.7011369097585122,0.8463911845730028,0.15226276417292184,46,0.5494627724860855,0.7506336088154271
hgt,hgt__h64__L4__d0.25__lr0.0003__hd4__shared,20260721,ok,0.7021676148743575,0.8524517906336089,0.148122951792279,132,0.5612968882709882,0.7560330578512396
hgt,hgt__h64__L4__d0.25__lr0.0003__hd4__shared,20260722,ok,0.7029291770395023,0.8499173553719008,0.1536888571121722,119,0.5796522087772749,0.7623140495867768
hgt,hgt__h64__L4__d0.25__lr0.0003__hd4__shared,20260723,ok,0.6954415497690494,0.8427548209366391,0.15663114352133156,132,0.5364214375427432,0.7411570247933883
hgt,hgt__h64__L4__d0.25__lr0.001__hd4__shared,20260721,ok,0.7068619708331384,0.8530027548209367,0.14782010334742798,52,0.5775586122030669,0.7595592286501377
hgt,hgt__h64__L4__d0.25__lr0.001__hd4__shared,20260722,ok,0.7035129713778165,0.8504683195592286,0.15595233740017533,62,0.5316258738644296,0.7515151515151515
hgt,hgt__h64__L4__d0.25__lr0.001__hd4__shared,20260723,ok,0.7143287343178374,0.850909090909091,0.15849955251052264,72,0.5500418552947162,0.7451239669421488
rgcn_matched,rgcn_matched__h32__L2__d0.1__lr0.0003__b8__shared,20260721,ok,0.6913724567604523,0.8221487603305785,0.16562388901170821,138,0.5666186196178284,0.7566942148760331
rgcn_matched,rgcn_matched__h32__L2__d0.1__lr0.0003__b8__shared,20260722,ok,0.6377255091143117,0.8299724517906335,0.1651493028761115,44,0.5334093968581006,0.7036914600550964
rgcn_matched,rgcn_matched__h32__L2__d0.1__lr0.0003__b8__shared,20260723,ok,0.6680345495544727,0.8323966942148759,0.15701957610784872,73,0.5555042392107075,0.7786225895316805
rgcn_matched,rgcn_matched__h32__L2__d0.1__lr0.001__b8__shared,20260721,ok,0.6840058874594368,0.818953168044077,0.17033193890704207,54,0.552314543888155,0.7507438016528927
rgcn_matched,rgcn_matched__h32__L2__d0.1__lr0.001__b8__shared,20260722,ok,0.652740749465066,0.8173002754820936,0.16457242816916057,59,0.56688549454487,0.7701377410468319
rgcn_matched,rgcn_matched__h32__L2__d0.1__lr0.001__b8__shared,20260723,ok,0.6586771636890544,0.8254545454545454,0.16510416874861594,19,0.5263024059706093,0.7544903581267217
rgcn_matched,rgcn_matched__h32__L2__d0.25__lr0.0003__b8__shared,20260721,ok,0.6994606203286362,0.8359228650137741,0.17146447726249536,193,0.5757109179653233,0.767052341597796
rgcn_matched,rgcn_matched__h32__L2__d0.25__lr0.0003__b8__shared,20260722,ok,0.707877731216271,0.8467217630853995,0.15845717811265156,182,0.6012389687313267,0.7667217630853995
rgcn_matched,rgcn_matched__h32__L2__d0.25__lr0.0003__b8__shared,20260723,ok,0.6725159409036348,0.8323966942148759,0.17006559309997207,109,0.5618334246101734,0.774435261707989
rgcn_matched,rgcn_matched__h32__L2__d0.25__lr0.001__b8__shared,20260721,ok,0.6963931058226274,0.8243526170798897,0.16856513002047482,108,0.620430377982414,0.790633608815427
rgcn_matched,rgcn_matched__h32__L2__d0.25__lr0.001__b8__shared,20260722,ok,0.6970570002213816,0.8457300275482094,0.165375335736149,57,0.5884856964045218,0.7590082644628099
rgcn_matched,rgcn_matched__h32__L2__d0.25__lr0.001__b8__shared,20260723,ok,0.66406948925669,0.8260055096418732,0.15999696171667716,34,0.5337536805106785,0.7637465564738293
rgcn_matched,rgcn_matched__h32__L3__d0.1__lr0.0003__b8__shared,20260721,ok,0.6621407254269129,0.826556473829201,0.1487953818998403,88,0.5481065025668859,0.7572451790633609
rgcn_matched,rgcn_matched__h32__L3__d0.1__lr0.0003__b8__shared,20260722,ok,0.684271544289256,0.8090358126721763,0.1729435131543258,103,0.5575429086256238,0.743030303030303
rgcn_matched,rgcn_matched__h32__L3__d0.1__lr0.0003__b8__shared,20260723,ok,0.6484372709858848,0.8238016528925621,0.15577778102986292,51,0.5129667169658284,0.7282644628099173
rgcn_matched,rgcn_matched__h32__L3__d0.1__lr0.001__b8__shared,20260721,ok,0.652822967636642,0.8229201101928375,0.16193627939145064,46,0.5492771443130539,0.7438016528925621
rgcn_matched,rgcn_matched__h32__L3__d0.1__lr0.001__b8__shared,20260722,ok,0.6883596189911856,0.8149862258953168,0.16754017910590763,44,0.5558228053818048,0.7453443526170799
rgcn_matched,rgcn_matched__h32__L3__d0.1__lr0.001__b8__shared,20260723,ok,0.6591364498672635,0.8174104683195592,0.15064790303210904,62,0.5774063466716893,0.7622038567493113
rgcn_matched,rgcn_matched__h32__L3__d0.25__lr0.0003__b8__shared,20260721,ok,0.685539230143004,0.8393388429752066,0.16384646605756084,181,0.5711059015950516,0.7725619834710744
rgcn_matched,rgcn_matched__h32__L3__d0.25__lr0.0003__b8__shared,20260722,ok,0.6719663712454018,0.8256749311294767,0.174261324359198,144,0.5612121460084676,0.7604407713498622
rgcn_matched,rgcn_matched__h32__L3__d0.25__lr0.0003__b8__shared,20260723,ok,0.699493040862861,0.8550964187327824,0.1543329665381749,199,0.5658345231952296,0.7615426997245178
rgcn_matched,rgcn_matched__h32__L3__d0.25__lr0.001__b8__shared,20260721,ok,0.6827924021387939,0.839779614325069,0.16206697312385046,83,0.5775597263789672,0.7743250688705234
rgcn_matched,rgcn_matched__h32__L3__d0.25__lr0.001__b8__shared,20260722,ok,0.6946229360061451,0.8255647382920109,0.16316522788629292,120,0.5870455800320534,0.7817079889807163
rgcn_matched,rgcn_matched__h32__L3__d0.25__lr0.001__b8__shared,20260723,ok,0.7006279517704656,0.8558677685950413,0.14030225962198845,82,0.5782391054635898,0.765068870523416
rgcn_matched,rgcn_matched__h32__L4__d0.1__lr0.0003__b8__shared,20260721,ok,0.657307234317252,0.8219283746556475,0.16970312102106203,106,0.5996845264996962,0.7424793388429752
rgcn_matched,rgcn_matched__h32__L4__d0.1__lr0.0003__b8__shared,20260722,ok,0.6699196030020743,0.8148760330578512,0.15944326863220573,60,0.49706119409446153,0.687052341597796
rgcn_matched,rgcn_matched__h32__L4__d0.1__lr0.0003__b8__shared,20260723,ok,0.6225414965839184,0.8069421487603304,0.16817748924867,160,0.5159257780384201,0.7436914600550965
rgcn_matched,rgcn_matched__h32__L4__d0.1__lr0.001__b8__shared,20260721,ok,0.6691030661305933,0.8098071625344352,0.1654947960969988,88,0.6001921638086815,0.7689256198347107
rgcn_matched,rgcn_matched__h32__L4__d0.1__lr0.001__b8__shared,20260722,ok,0.6733642158672685,0.8061707988980715,0.17217437467434493,54,0.5423578663428392,0.7276033057851239
rgcn_matched,rgcn_matched__h32__L4__d0.1__lr0.001__b8__shared,20260723,ok,0.6219658584905691,0.8165289256198347,0.17112601129341368,33,0.49276337067048354,0.7089807162534435
rgcn_matched,rgcn_matched__h32__L4__d0.25__lr0.0003__b8__shared,20260721,ok,0.6885346708623646,0.8416528925619835,0.17158789762847107,187,0.56572665587001,0.7560330578512396
rgcn_matched,rgcn_matched__h32__L4__d0.25__lr0.0003__b8__shared,20260722,ok,0.7015328924646675,0.8340495867768595,0.15107715579342101,200,0.5786749706524141,0.7598898071625345
rgcn_matched,rgcn_matched__h32__L4__d0.25__lr0.0003__b8__shared,20260723,ok,0.6549416961553316,0.8369146005509642,0.17369984126054006,197,0.5354763834055826,0.7384022038567492
rgcn_matched,rgcn_matched__h32__L4__d0.25__lr0.001__b8__shared,20260721,ok,0.686962227313879,0.8453994490358127,0.15909885371316876,51,0.5547201349831344,0.7359779614325069
rgcn_matched,rgcn_matched__h32__L4__d0.25__lr0.001__b8__shared,20260722,ok,0.7235312419624882,0.8318457300275482,0.1777996509978902,66,0.5687265526697584,0.7462258953168044
rgcn_matched,rgcn_matched__h32__L4__d0.25__lr0.001__b8__shared,20260723,ok,0.664954698283216,0.82633608815427,0.16991342017433497,112,0.5368808664992338,0.7527272727272727
rgcn_matched,rgcn_matched__h64__L2__d0.1__lr0.0003__b8__shared,20260721,ok,0.6605318638743027,0.8037465564738293,0.1625611994022798,56,0.5422590815933048,0.748099173553719
rgcn_matched,rgcn_matched__h64__L2__d0.1__lr0.0003__b8__shared,20260722,ok,0.657740167090324,0.8193939393939393,0.16343079599110896,38,0.5491388854785145,0.7400550964187327
rgcn_matched,rgcn_matched__h64__L2__d0.1__lr0.0003__b8__shared,20260723,ok,0.6666900938453475,0.8156473829201102,0.1542460702205736,46,0.5962358392617693,0.7776308539944904
rgcn_matched,rgcn_matched__h64__L2__d0.1__lr0.001__b8__shared,20260721,ok,0.6539664062185674,0.7909641873278237,0.18022618907325197,56,0.5323335701778744,0.7565840220385674
rgcn_matched,rgcn_matched__h64__L2__d0.1__lr0.001__b8__shared,20260722,ok,0.6557169713319666,0.818953168044077,0.15425873192230766,29,0.6138910510415909,0.7676033057851239
rgcn_matched,rgcn_matched__h64__L2__d0.1__lr0.001__b8__shared,20260723,ok,0.666644826354618,0.8236914600550964,0.15421054013437302,12,0.5811584721289299,0.7624242424242424
rgcn_matched,rgcn_matched__h64__L2__d0.25__lr0.0003__b8__shared,20260721,ok,0.6932018169058035,0.8277685950413223,0.16699650591162754,152,0.5744103602009487,0.7703581267217631
rgcn_matched,rgcn_matched__h64__L2__d0.25__lr0.0003__b8__shared,20260722,ok,0.6708475946737446,0.8296418732782369,0.16322907536457446,108,0.5652707494824597,0.748870523415978
rgcn_matched,rgcn_matched__h64__L2__d0.25__lr0.0003__b8__shared,20260723,ok,0.6475888430702976,0.8256749311294765,0.15608535895035153,76,0.609914181478011,0.7792837465564739
rgcn_matched,rgcn_matched__h64__L2__d0.25__lr0.001__b8__shared,20260721,ok,0.6766654782811792,0.8158677685950414,0.17287094871612335,82,0.5759231789277138,0.7695867768595042
rgcn_matched,rgcn_matched__h64__L2__d0.25__lr0.001__b8__shared,20260722,ok,0.670034665553596,0.8222589531680441,0.1680069002635253,80,0.5604097091947103,0.7489807162534435
rgcn_matched,rgcn_matched__h64__L2__d0.25__lr0.001__b8__shared,20260723,ok,0.6515755889336934,0.8365840220385675,0.15895723852793278,23,0.5841457505044204,0.7731129476584022
rgcn_matched,rgcn_matched__h64__L3__d0.1__lr0.0003__b8__shared,20260721,ok,0.681719905121373,0.850358126721763,0.15097368615415627,61,0.5660695245292972,0.7690358126721764
rgcn_matched,rgcn_matched__h64__L3__d0.1__lr0.0003__b8__shared,20260722,ok,0.665527898459422,0.8144352617079889,0.17159779633301556,70,0.6258682187373009,0.7628650137741046
rgcn_matched,rgcn_matched__h64__L3__d0.1__lr0.0003__b8__shared,20260723,ok,0.651413071277427,0.8221487603305785,0.15360464133051557,40,0.5507358800592383,0.741267217630854
rgcn_matched,rgcn_matched__h64__L3__d0.1__lr0.001__b8__shared,20260721,ok,0.7050998284127293,0.8448484848484848,0.15277982047612762,28,0.5561892150817096,0.7667217630853994
rgcn_matched,rgcn_matched__h64__L3__d0.1__lr0.001__b8__shared,20260722,ok,0.6757172779788606,0.8188429752066115,0.16307388164308803,26,0.5922005787867493,0.7472176308539945
rgcn_matched,rgcn_matched__h64__L3__d0.1__lr0.001__b8__shared,20260723,ok,0.6553742313093834,0.8217079889807162,0.1479415847928302,14,0.5054036366768185,0.7332231404958678
rgcn_matched,rgcn_matched__h64__L3__d0.25__lr0.0003__b8__shared,20260721,ok,0.70848178187203,0.8558677685950413,0.1521415025495017,127,0.5557388388904546,0.7750964187327825
rgcn_matched,rgcn_matched__h64__L3__d0.25__lr0.0003__b8__shared,20260722,ok,0.6908997835837133,0.8186225895316805,0.16744568458201484,113,0.6225559944606338,0.7614325068870523
rgcn_matched,rgcn_matched__h64__L3__d0.25__lr0.0003__b8__shared,20260723,ok,0.6923271693462427,0.8341597796143251,0.1511397640918562,70,0.5431022563341986,0.7376308539944904
rgcn_matched,rgcn_matched__h64__L3__d0.25__lr0.001__b8__shared,20260721,ok,0.6879729635169439,0.8548760330578513,0.1440473489664296,29,0.5555543498196599,0.7660606060606061
rgcn_matched,rgcn_matched__h64__L3__d0.25__lr0.001__b8__shared,20260722,ok,0.6738596626583399,0.8357024793388429,0.15900078948709806,30,0.5820709959076618,0.7594490358126722
rgcn_matched,rgcn_matched__h64__L3__d0.25__lr0.001__b8__shared,20260723,ok,0.6920142999322103,0.8402203856749311,0.15049978542923678,37,0.5510633973134871,0.7428099173553719
rgcn_matched,rgcn_matched__h64__L4__d0.1__lr0.0003__b8__shared,20260721,ok,0.6252650796629224,0.7625344352617079,0.17757520953413936,20,0.4650385077037285,0.6412121212121211
rgcn_matched,rgcn_matched__h64__L4__d0.1__lr0.0003__b8__shared,20260722,ok,0.6853133367294316,0.8085950413223141,0.1558375505426024,36,0.5609958666714141,0.7450137741046832
rgcn_matched,rgcn_matched__h64__L4__d0.1__lr0.0003__b8__shared,20260723,ok,0.6812986809469375,0.8024242424242424,0.15329750142245602,77,0.5268102538508774,0.7494214876033058
rgcn_matched,rgcn_matched__h64__L4__d0.1__lr0.001__b8__shared,20260721,ok,0.6324760068114734,0.7813774104683195,0.16480828915123963,9,0.5010854810978826,0.6565289256198347
rgcn_matched,rgcn_matched__h64__L4__d0.1__lr0.001__b8__shared,20260722,ok,0.6832132804826032,0.8005509641873279,0.16939168919355652,11,0.5118567978772615,0.7114049586776859
rgcn_matched,rgcn_matched__h64__L4__d0.1__lr0.001__b8__shared,20260723,ok,0.6609624517732767,0.7817079889807161,0.14967457328723371,19,0.524947774830034,0.7162534435261708
rgcn_matched,rgcn_matched__h64__L4__d0.25__lr0.0003__b8__shared,20260721,ok,0.6475854762875752,0.7776308539944903,0.17932471510156975,42,0.45258815387847645,0.6370247933884298
rgcn_matched,rgcn_matched__h64__L4__d0.25__lr0.0003__b8__shared,20260722,ok,0.699541914847103,0.833168044077135,0.15729041374800987,87,0.5708540028292279,0.7476584022038567
rgcn_matched,rgcn_matched__h64__L4__d0.25__lr0.0003__b8__shared,20260723,ok,0.6768163782703269,0.816198347107438,0.16078228185422566,142,0.5449172487910479,0.7630853994490359
rgcn_matched,rgcn_matched__h64__L4__d0.25__lr0.001__b8__shared,20260721,ok,0.6413071477650858,0.7737741046831955,0.17891147963488627,13,0.45049026684984383,0.6263360881542699
rgcn_matched,rgcn_matched__h64__L4__d0.25__lr0.001__b8__shared,20260722,ok,0.6910405000526991,0.8412121212121213,0.16857364461061788,33,0.5347142109094389,0.730358126721763
rgcn_matched,rgcn_matched__h64__L4__d0.25__lr0.001__b8__shared,20260723,ok,0.6546153427358941,0.8051790633608815,0.16721157432394215,56,0.5569591798348783,0.758236914600551
