rank,backbone,config_id,n_seeds,mean_valid_auprc,std_valid_auprc,mean_valid_auc,std_valid_auc,mean_sealed_test_auprc,std_sealed_test_auprc,seeds
1,hgt,hgt__h32__L2__d0.25__lr0.001__hd4__shared,3,0.7287914649748141,0.009116554516909913,0.8572268135904499,0.005960947041163491,0.5546173220332908,0.016082023356819564,"20260721,20260722,20260723"
2,hgt,hgt__h32__L4__d0.25__lr0.001__hd4__shared,3,0.7262130757680091,0.03340013461958165,0.8605693296602388,0.016507730518466355,0.5534713328328702,0.007781062781682115,"20260721,20260722,20260723"
3,hgt,hgt__h32__L2__d0.1__lr0.0003__hd4__shared,3,0.7252693501136639,0.02482548811484367,0.8616712580348944,0.00709211694241356,0.5762427692015314,0.015369994664633548,"20260721,20260722,20260723"
4,hgt,hgt__h32__L2__d0.1__lr0.001__hd4__shared,3,0.7248914129984577,0.008093018301719698,0.8570064279155188,0.005312544385458917,0.5673680285162729,0.008255632493622763,"20260721,20260722,20260723"
5,hgt,hgt__h64__L2__d0.25__lr0.0003__hd4__shared,3,0.7197164475698122,0.007188770196544787,0.8539577594123048,0.004077631320147759,0.5540690955448945,0.004665440247883795,"20260721,20260722,20260723"
6,hgt,hgt__h64__L3__d0.25__lr0.0003__hd4__shared,3,0.718308419702401,0.006318736740090092,0.8577777777777778,0.002083004132783559,0.5634635358227618,0.008009758918971238,"20260721,20260722,20260723"
7,hgt,hgt__h32__L4__d0.1__lr0.001__hd4__shared,3,0.7170030109789495,0.03353361164893935,0.8589531680440771,0.011004397658597561,0.5752461460802621,0.017141644760977463,"20260721,20260722,20260723"
8,hgt,hgt__h32__L4__d0.25__lr0.0003__hd4__shared,3,0.7136447760133448,0.04422244135320426,0.8585491276400367,0.015593097676077056,0.57398562386573,0.015379585559228588,"20260721,20260722,20260723"
9,hgt,hgt__h32__L4__d0.1__lr0.0003__hd4__shared,3,0.7117832981687947,0.02848121071283255,0.8585123966942148,0.013461127437947916,0.5760878242316865,0.014093323539005418,"20260721,20260722,20260723"
10,hgt,hgt__h64__L3__d0.1__lr0.0003__hd4__shared,3,0.7116669481138139,0.008161281070600103,0.8596510560146924,0.0031637692242643344,0.5634167507879433,0.014194799036521212,"20260721,20260722,20260723"
11,hgt,hgt__h64__L2__d0.1__lr0.0003__hd4__shared,3,0.7091298721144647,0.01313227716870469,0.8530027548209367,0.006724472199401652,0.5633594462677264,0.008038639341075963,"20260721,20260722,20260723"
12,hgt,hgt__h64__L4__d0.25__lr0.001__hd4__shared,3,0.7082345588429307,0.005536982967027391,0.8514600550964188,0.0013540722564677357,0.5530754471207375,0.023116144192892735,"20260721,20260722,20260723"
13,hgt,hgt__h64__L2__d0.25__lr0.001__hd4__shared,3,0.7080717837540411,0.004993906304016279,0.8447015610651974,0.019788539261443524,0.5517978496428633,0.023665686324200113,"20260721,20260722,20260723"
14,hgt,hgt__h64__L2__d0.1__lr0.001__hd4__shared,3,0.7060323469973018,0.009069566473667103,0.851129476584022,0.004050242633496238,0.5608396349105799,0.004284222384780175,"20260721,20260722,20260723"
15,hgt,hgt__h64__L3__d0.25__lr0.001__hd4__shared,3,0.7049614365075949,0.006974315066441302,0.8531864095500459,0.005312544385458821,0.5651529859265124,0.014354757047100201,"20260721,20260722,20260723"
16,hgt,hgt__h32__L3__d0.1__lr0.0003__hd4__shared,3,0.7023404453248475,0.025844478082409323,0.8463177226813591,0.008892455021585291,0.580423655747785,0.010345861787451449,"20260721,20260722,20260723"
17,hgt,hgt__h64__L4__d0.1__lr0.001__hd4__shared,3,0.7006614770147196,0.004984198864007736,0.8483011937557392,0.0023384086747323517,0.5666401143106897,0.019176991430409587,"20260721,20260722,20260723"
18,hgt,hgt__h64__L4__d0.1__lr0.0003__hd4__shared,3,0.7004478011817984,0.00919230023670612,0.850358126721763,0.004389770641772331,0.5639896033713255,0.0033442447297637044,"20260721,20260722,20260723"
19,hgt,hgt__h64__L3__d0.1__lr0.001__hd4__shared,3,0.7002240270677421,0.012504716406035898,0.8545087235996327,0.012853102163476954,0.5629211527523313,0.017217167984186443,"20260721,20260722,20260723"
20,hgt,hgt__h64__L4__d0.25__lr0.0003__hd4__shared,3,0.7001794472276364,0.0041207703744456665,0.8483746556473829,0.005029189512834859,0.5591235115303355,0.0216971788540748,"20260721,20260722,20260723"
21,hgt,hgt__h32__L3__d0.1__lr0.001__hd4__shared,3,0.6997864801131457,0.008472237906628242,0.8371349862258954,0.013043313500705552,0.5796889408651255,0.005161070970142284,"20260721,20260722,20260723"
22,hgt,hgt__h32__L3__d0.25__lr0.0003__hd4__shared,3,0.6989706479858333,0.016546672773368746,0.8510927456382001,0.007023298784087982,0.5826186498125875,0.012545389456365243,"20260721,20260722,20260723"
23,rgcn_matched,rgcn_matched__h64__L3__d0.25__lr0.0003__b8__shared,3,0.6972362449339954,0.009765036267075247,0.836216712580349,0.0187075939336273,0.5737990298950957,0.042694870885261194,"20260721,20260722,20260723"
24,hgt,hgt__h32__L3__d0.25__lr0.001__hd4__shared,3,0.6967587465915717,0.018613210535572154,0.8520110192837466,0.0015426997245179264,0.5615365600158306,0.0284156186807489,"20260721,20260722,20260723"
25,rgcn_matched,rgcn_matched__h32__L2__d0.25__lr0.0003__b8__shared,3,0.693284764149514,0.018472139919013565,0.8383471074380165,0.007463887260331117,0.5795944371022744,0.019987759192474246,"20260721,20260722,20260723"
26,rgcn_matched,rgcn_matched__h32__L3__d0.25__lr0.001__b8__shared,3,0.6926810966384682,0.009074952493724182,0.8404040404040404,0.015161162301508062,0.5809481372915368,0.005291454900645435,"20260721,20260722,20260723"
27,rgcn_matched,rgcn_matched__h32__L4__d0.25__lr0.001__b8__shared,3,0.6918160558531944,0.029588386336014103,0.8345270890725436,0.009810463636909164,0.5534425180507089,0.015961239321788254,"20260721,20260722,20260723"
28,hgt,hgt__h32__L2__d0.25__lr0.0003__hd4__shared,3,0.6909526589602109,0.04332175612151623,0.8142148760330579,0.07914216515964788,0.5086152911931038,0.12686773061472903,"20260721,20260722,20260723"
29,rgcn_matched,rgcn_matched__h32__L2__d0.25__lr0.001__b8__shared,3,0.685839865100233,0.018856620514291936,0.8320293847566574,0.011893852325114971,0.5808899182992048,0.04383473913371218,"20260721,20260722,20260723"
30,rgcn_matched,rgcn_matched__h32__L3__d0.25__lr0.0003__b8__shared,3,0.6856662140837556,0.013763774146217834,0.8400367309458219,0.014723154176755598,0.5660508569329162,0.004950424235993484,"20260721,20260722,20260723"
31,rgcn_matched,rgcn_matched__h64__L3__d0.25__lr0.001__b8__shared,3,0.6846156420358314,0.009531601087021346,0.8435996326905417,0.010023511028991324,0.5628962476802696,0.016756950521830773,"20260721,20260722,20260723"
32,rgcn_matched,rgcn_matched__h32__L4__d0.25__lr0.0003__b8__shared,3,0.6816697531607879,0.024042258934443658,0.8375390266299357,0.0038399213092978764,0.559959336642669,0.0221692571669209,"20260721,20260722,20260723"
33,rgcn_matched,rgcn_matched__h64__L3__d0.1__lr0.001__b8__shared,3,0.6787304459003245,0.024999362742143538,0.8284664830119375,0.014259367591549508,0.5512644768484258,0.043607534611675096,"20260721,20260722,20260723"
34,rgcn_matched,rgcn_matched__h64__L4__d0.25__lr0.0003__b8__shared,3,0.6746479231350018,0.02604600785538804,0.8089990817263544,0.028459918079456994,0.5227864684995841,0.06216133311184914,"20260721,20260722,20260723"
35,rgcn_matched,rgcn_matched__h64__L2__d0.25__lr0.0003__b8__shared,3,0.6705460848832819,0.02280798164338407,0.8276951331496786,0.0019844911161418137,0.5831984303871398,0.02358350352011803,"20260721,20260722,20260723"
36,hetero_sage_matched,hetero_sage_matched__h32__L2__d0.25__lr0.0003__shared,3,0.6704764694406136,0.015979682684636193,0.8040771349862259,0.008022916429429166,0.5122854033868487,0.027301163695134294,"20260721,20260722,20260723"
37,rgcn_matched,rgcn_matched__h32__L3__d0.1__lr0.001__b8__shared,3,0.6667730121650304,0.018959198563477074,0.8184389348025711,0.004065702582779604,0.5608354321221827,0.014719301153996037,"20260721,20260722,20260723"
38,rgcn_matched,rgcn_matched__h64__L3__d0.1__lr0.0003__b8__shared,3,0.6662202916194073,0.01516527614740775,0.8289807162534435,0.018910837474803634,0.5808912077752788,0.03969859946511885,"20260721,20260722,20260723"
39,rgcn_matched,rgcn_matched__h64__L2__d0.25__lr0.001__b8__shared,3,0.6660919109228228,0.01300133156357966,0.8249035812672176,0.01060831431101595,0.5734928795422816,0.012053202088706149,"20260721,20260722,20260723"
40,rgcn_matched,rgcn_matched__h32__L2__d0.1__lr0.0003__b8__shared,3,0.6657108384764122,0.026898856347764385,0.8281726354453627,0.0053557951213392295,0.5518440852288788,0.016904456940532813,"20260721,20260722,20260723"
41,rgcn_matched,rgcn_matched__h32__L2__d0.1__lr0.001__b8__shared,3,0.6651412668711857,0.016604688672591624,0.8205693296602387,0.00431068596317026,0.5485008148012115,0.02055857890803795,"20260721,20260722,20260723"
42,rgcn_matched,rgcn_matched__h32__L3__d0.1__lr0.0003__b8__shared,3,0.6649498469006846,0.018081541925012337,0.8197979797979799,0.009421541303365968,0.5395387093861127,0.02349073276239124,"20260721,20260722,20260723"
43,rgcn_matched,rgcn_matched__h64__L4__d0.1__lr0.0003__b8__shared,3,0.6639590324464305,0.03357001417593151,0.7911845730027548,0.02500284952152112,0.5176148760753401,0.0486350687707898,"20260721,20260722,20260723"
44,rgcn_matched,rgcn_matched__h64__L4__d0.25__lr0.001__b8__shared,3,0.6623209968512264,0.025746541737674527,0.8067217630853994,0.03374546577199576,0.514054552531387,0.056160693294127595,"20260721,20260722,20260723"
45,rgcn_matched,rgcn_matched__h64__L2__d0.1__lr0.0003__b8__shared,3,0.6616540416033247,0.004579274983193961,0.812929292929293,0.008170138184925237,0.5625446021111962,0.029379542558162,"20260721,20260722,20260723"
46,rgcn_matched,rgcn_matched__h64__L4__d0.1__lr0.001__b8__shared,3,0.6588839130224511,0.025432419810131966,0.7878787878787878,0.010975671270325863,0.5126300179350594,0.011949923325411036,"20260721,20260722,20260723"
47,rgcn_matched,rgcn_matched__h64__L2__d0.1__lr0.001__b8__shared,3,0.658776067968384,0.006870526796378742,0.8112029384756657,0.017686665565154726,0.5757943644494651,0.041042489076645206,"20260721,20260722,20260723"
48,rgcn_matched,rgcn_matched__h32__L4__d0.1__lr0.001__b8__shared,3,0.654811046829477,0.028524448233635296,0.8108356290174471,0.005255093222392472,0.545104466940668,0.05376703692705621,"20260721,20260722,20260723"
49,rgcn_matched,rgcn_matched__h32__L4__d0.1__lr0.0003__b8__shared,3,0.6499227779677482,0.024537092098001763,0.8145821854912764,0.007497432990074294,0.5375571662108592,0.05462439751785713,"20260721,20260722,20260723"
50,hetero_gatv2,hetero_gatv2__h32__L2__d0.25__lr0.0003__hd4__shared,3,0.6497305418766873,0.005729817554810116,0.7865932047750229,0.003198124451943465,0.4950529020153553,0.04239579441052919,"20260721,20260722,20260723"
51,hetero_sage_matched,hetero_sage_matched__h32__L2__d0.25__lr0.001__shared,3,0.6485396012261444,0.05681338415743407,0.7922130394857668,0.023024326885749957,0.5463921879774369,0.01098915115314625,"20260721,20260722,20260723"
52,hetero_gatv2,hetero_gatv2__h64__L2__d0.25__lr0.001__hd4__shared,3,0.6392958578652375,0.015684296332591795,0.7936455463728191,0.004793493977284921,0.536708927975065,0.019644977743437493,"20260721,20260722,20260723"
53,hetero_sage_matched,hetero_sage_matched__h32__L2__d0.1__lr0.001__shared,3,0.6346780149082994,0.019487649436047822,0.7807162534435262,0.018623567548934933,0.5659497579960403,0.04726407175755606,"20260721,20260722,20260723"
54,hetero_gatv2,hetero_gatv2__h32__L3__d0.25__lr0.001__hd4__shared,3,0.627666417955068,0.018683423035176228,0.7737006427915519,0.009821596666369252,0.5025298030224276,0.0432441919021528,"20260721,20260722,20260723"
55,hetero_gatv2,hetero_gatv2__h64__L2__d0.25__lr0.0003__hd4__shared,3,0.6249245061807018,0.02627305366038848,0.7699173553719009,0.016906253268257277,0.4946959526758565,0.046609966743521546,"20260721,20260722,20260723"
56,hetero_gatv2,hetero_gatv2__h32__L2__d0.25__lr0.001__hd4__shared,3,0.623596568489707,0.026898152139501103,0.7986409550045914,0.019027445373607895,0.5477523790346316,0.02220151771861912,"20260721,20260722,20260723"
57,hetero_sage_matched,hetero_sage_matched__h64__L2__d0.1__lr0.0003__shared,3,0.6235103218441876,0.014676113403582849,0.7856014692378329,0.01237124210961185,0.4837618620672568,0.029796657804055778,"20260721,20260722,20260723"
58,hetero_sage_matched,hetero_sage_matched__h32__L3__d0.25__lr0.0003__shared,3,0.6221243993773019,0.02474925453171324,0.7758310376492195,0.00825368136665198,0.5064209283097019,0.01799824348813295,"20260721,20260722,20260723"
59,hetero_gatv2,hetero_gatv2__h64__L2__d0.1__lr0.001__hd4__shared,3,0.6202144712612881,0.030057021382818967,0.7689623507805327,0.015305437379240826,0.4592091783200191,0.03164982202246462,"20260721,20260722,20260723"
60,hetero_gatv2,hetero_gatv2__h32__L2__d0.1__lr0.0003__hd4__shared,3,0.6189123943905028,0.01983308547606819,0.7745821854912764,0.007383194216640433,0.5041789447979039,0.060651423567972956,"20260721,20260722,20260723"
61,hetero_sage_matched,hetero_sage_matched__h64__L2__d0.25__lr0.001__shared,3,0.6164161203788581,0.00819646004534246,0.7927640036730945,0.017617533995041956,0.5201732818831579,0.020378322958423203,"20260721,20260722,20260723"
62,hetero_gatv2,hetero_gatv2__h32__L4__d0.25__lr0.001__hd4__shared,3,0.6140821858833411,0.03448459788620659,0.767089072543618,0.021199547869863753,0.5190977338809467,0.011348923168643535,"20260721,20260722,20260723"
63,hetero_sage_matched,hetero_sage_matched__h64__L4__d0.1__lr0.0003__shared,3,0.6139609326980884,0.014180779246294505,0.761763085399449,0.010116158604983726,0.48472959176307717,0.04729560565248335,"20260721,20260722,20260723"
64,hetero_gatv2,hetero_gatv2__h64__L4__d0.25__lr0.001__hd4__shared,3,0.6134679249165571,0.02350444288833837,0.7655096418732783,0.01593915683067797,0.5100814270963101,0.014576896608632945,"20260721,20260722,20260723"
65,hetero_gatv2,hetero_gatv2__h32__L3__d0.1__lr0.0003__hd4__shared,3,0.6124505434436356,0.022342666852627955,0.7651790633608816,0.0023710671946391114,0.4989372593968052,0.016043851275513124,"20260721,20260722,20260723"
66,hetero_sage_matched,hetero_sage_matched__h32__L3__d0.25__lr0.001__shared,3,0.6102098992812814,0.012333628421776103,0.7648484848484849,0.011851750664241314,0.4900867781794353,0.0401320107099903,"20260721,20260722,20260723"
67,hetero_gatv2,hetero_gatv2__h64__L3__d0.25__lr0.001__hd4__shared,3,0.6087530101356294,0.027100662577069817,0.7616161616161616,0.007889632739913872,0.46707950568522105,0.03349078405205502,"20260721,20260722,20260723"
68,hetero_gatv2,hetero_gatv2__h64__L3__d0.25__lr0.0003__hd4__shared,3,0.6085363756931013,0.018477805143935832,0.7642607897153352,0.0034782091757311405,0.517912052063359,0.032573586519214486,"20260721,20260722,20260723"
69,hetero_sage_matched,hetero_sage_matched__h32__L2__d0.1__lr0.0003__shared,3,0.6082239680699053,0.006850313141161896,0.7784389348025712,0.019620927273818423,0.5230610114729356,0.06805554495387534,"20260721,20260722,20260723"
70,hetero_sage_matched,hetero_sage_matched__h64__L2__d0.25__lr0.0003__shared,3,0.6068272160680006,0.04151603291574824,0.7808264462809917,0.021318540963566803,0.49080135289041954,0.01810258742653133,"20260721,20260722,20260723"
71,hetero_sage_matched,hetero_sage_matched__h64__L2__d0.1__lr0.001__shared,3,0.606096134905168,0.004147174882899768,0.7800550964187327,0.007069538262190871,0.4647868433161893,0.013701605879914421,"20260721,20260722,20260723"
72,hetero_sage_matched,hetero_sage_matched__h64__L3__d0.25__lr0.0003__shared,3,0.6046722960004074,0.027619643478355854,0.7666483011937557,0.0034869257774268136,0.4796065686781143,0.029835893707474664,"20260721,20260722,20260723"
73,hetero_sage_matched,hetero_sage_matched__h64__L3__d0.1__lr0.001__shared,3,0.6046713626364753,0.006476776865914941,0.7626813590449953,0.006069948555124429,0.4400616364072095,0.07145459116645862,"20260721,20260722,20260723"
74,hetero_gatv2,hetero_gatv2__h32__L3__d0.25__lr0.0003__hd4__shared,3,0.6025887242383515,0.0047305169020164135,0.7570615243342516,0.021798230389541175,0.4615808834504292,0.0226257284599317,"20260721,20260722,20260723"
75,hetero_gatv2,hetero_gatv2__h64__L2__d0.1__lr0.0003__hd4__shared,3,0.6006086157701565,0.013914742523794741,0.7616896235078053,0.01316669925626268,0.4911564970496726,0.005095340150048471,"20260721,20260722,20260723"
76,hetero_sage_matched,hetero_sage_matched__h64__L3__d0.1__lr0.0003__shared,3,0.5997550554510834,0.015272313060092102,0.7592653810835628,0.0053353516356510495,0.4980886749733503,0.007241346639942258,"20260721,20260722,20260723"
77,hetero_gatv2,hetero_gatv2__h64__L3__d0.1__lr0.0003__hd4__shared,3,0.5991923222117207,0.026158389107394247,0.7518089990817264,0.014413936399624204,0.47681525908040395,0.03263766314650611,"20260721,20260722,20260723"
78,hetero_sage_matched,hetero_sage_matched__h32__L4__d0.25__lr0.001__shared,3,0.5977603472388499,0.013516359284545894,0.768080808080808,0.0062726089082750704,0.46558615916758567,0.04067497928232176,"20260721,20260722,20260723"
79,hetero_gatv2,hetero_gatv2__h32__L3__d0.1__lr0.001__hd4__shared,3,0.5960139754612149,0.020354602184248345,0.7608815426997245,0.024856729618729055,0.47826296888960423,0.03958544711981247,"20260721,20260722,20260723"
80,hetero_sage_matched,hetero_sage_matched__h32__L3__d0.1__lr0.001__shared,3,0.5943941189779343,0.022889799217239153,0.7678971533516988,0.021660765385659524,0.4992643195201734,0.017006524813469835,"20260721,20260722,20260723"
81,hetero_gatv2,hetero_gatv2__h64__L4__d0.25__lr0.0003__hd4__shared,3,0.5941498985806861,0.009652456985625547,0.7550045913682277,0.010851243982206278,0.4968299308098319,0.00706573449914888,"20260721,20260722,20260723"
82,hetero_sage_matched,hetero_sage_matched__h64__L4__d0.25__lr0.001__shared,3,0.593723885828387,0.04113969473622189,0.7688154269972451,0.010063809953337244,0.4810411919523271,0.03407765217559902,"20260721,20260722,20260723"
83,hetero_sage_matched,hetero_sage_matched__h64__L3__d0.25__lr0.001__shared,3,0.5917087953598311,0.03446161578182074,0.7589715335169881,0.029649928413504133,0.46246536498521734,0.06661429338872214,"20260721,20260722,20260723"
84,hetero_sage_matched,hetero_sage_matched__h32__L4__d0.1__lr0.0003__shared,3,0.588745267440899,0.027241427643503114,0.7532047750229569,0.012660832547963593,0.4547263399056354,0.04382251897482665,"20260721,20260722,20260723"
85,hetero_gatv2,hetero_gatv2__h64__L3__d0.1__lr0.001__hd4__shared,3,0.5881222932275469,0.0105007477887797,0.7519926538108356,0.010251093048607959,0.4553944844212506,0.03315261834008321,"20260721,20260722,20260723"
86,hetero_sage_matched,hetero_sage_matched__h64__L4__d0.25__lr0.0003__shared,3,0.5801895393563968,0.03167782168559573,0.7543434343434343,0.024851925591333382,0.4698956469264697,0.0441230789370443,"20260721,20260722,20260723"
87,hetero_gatv2,hetero_gatv2__h64__L4__d0.1__lr0.0003__hd4__shared,3,0.5796205777349918,0.015800409513797284,0.7395775941230487,0.006351480485156639,0.45633591664489453,0.04270964826843552,"20260721,20260722,20260723"
88,hetero_sage_matched,hetero_sage_matched__h32__L4__d0.25__lr0.0003__shared,3,0.5779475441215662,0.01228574424819747,0.7559228650137741,0.008469808859757904,0.47514387180599044,0.04970235788794446,"20260721,20260722,20260723"
89,hetero_gatv2,hetero_gatv2__h64__L4__d0.1__lr0.001__hd4__shared,3,0.576954604550554,0.018019541203706586,0.7386225895316804,0.009781127419516821,0.4684639708306894,0.0033825102996070107,"20260721,20260722,20260723"
90,hetero_sage_matched,hetero_sage_matched__h32__L3__d0.1__lr0.0003__shared,3,0.5763700197638291,0.015753943192142853,0.7431404958677685,0.03262545495931598,0.4862558085422738,0.009287549337368915,"20260721,20260722,20260723"
91,hetero_gatv2,hetero_gatv2__h32__L4__d0.1__lr0.001__hd4__shared,3,0.5701985559795438,0.018032165901051656,0.7278604224058769,0.011893852325114983,0.46337014298209334,0.046559640452877,"20260721,20260722,20260723"
92,hetero_gatv2,hetero_gatv2__h32__L4__d0.1__lr0.0003__hd4__shared,3,0.5688413364260771,0.039149271428669065,0.743324150596878,0.03317817099793916,0.4727803552730846,0.02858060916541909,"20260721,20260722,20260723"
93,hetero_sage_matched,hetero_sage_matched__h64__L4__d0.1__lr0.001__shared,3,0.5682030480665371,0.019887978092007947,0.7599632690541781,0.013333485113237316,0.4797130868340601,0.0481175617358242,"20260721,20260722,20260723"
94,hetero_sage_matched,hetero_sage_matched__h32__L4__d0.1__lr0.001__shared,3,0.567632794318841,0.024129200628270907,0.7443158861340679,0.019856838998196326,0.4965207434320468,0.003239842150535222,"20260721,20260722,20260723"
95,hetero_gatv2,hetero_gatv2__h32__L2__d0.1__lr0.001__hd4__shared,3,0.5655540049879415,0.10131589949625167,0.744315886134068,0.04851092878994416,0.4614177149166936,0.10454758571026045,"20260721,20260722,20260723"
96,hetero_gatv2,hetero_gatv2__h32__L4__d0.25__lr0.0003__hd4__shared,3,0.5601506063378592,0.035458321726453294,0.7359779614325068,0.024485879971230935,0.45741019624808066,0.062053170306680595,"20260721,20260722,20260723"
